/*!40101 SET @OLD_CHARACTER_SET_CLIENT=@@CHARACTER_SET_CLIENT */;
/*!40101 SET @OLD_CHARACTER_SET_RESULTS=@@CHARACTER_SET_RESULTS */;
/*!40101 SET @OLD_COLLATION_CONNECTION=@@COLLATION_CONNECTION */;
/*!40101 SET NAMES utf8mb4 */;
/*!40014 SET @OLD_UNIQUE_CHECKS=@@UNIQUE_CHECKS, UNIQUE_CHECKS=0 */;
/*!40014 SET @OLD_FOREIGN_KEY_CHECKS=@@FOREIGN_KEY_CHECKS, FOREIGN_KEY_CHECKS=0 */;
/*!40101 SET @OLD_SQL_MODE=@@SQL_MODE, SQL_MODE='NO_AUTO_VALUE_ON_ZERO' */;
/*!40111 SET @OLD_SQL_NOTES=@@SQL_NOTES, SQL_NOTES=0 */;

DROP TABLE IF EXISTS `categories`;
CREATE TABLE `categories` (
  `id` int unsigned NOT NULL AUTO_INCREMENT,
  `name` varchar(100) NOT NULL,
  `slug` varchar(100) NOT NULL,
  `created_at` timestamp NOT NULL DEFAULT CURRENT_TIMESTAMP,
  `updated_at` timestamp NOT NULL DEFAULT CURRENT_TIMESTAMP ON UPDATE CURRENT_TIMESTAMP,
  PRIMARY KEY (`id`)
) ENGINE=InnoDB AUTO_INCREMENT=11 DEFAULT CHARSET=utf8mb3;

DROP TABLE IF EXISTS `migrations`;
CREATE TABLE `migrations` (
  `id` bigint unsigned NOT NULL AUTO_INCREMENT,
  `version` varchar(255) NOT NULL,
  `class` varchar(255) NOT NULL,
  `group` varchar(255) NOT NULL,
  `namespace` varchar(255) NOT NULL,
  `time` int NOT NULL,
  `batch` int unsigned NOT NULL,
  PRIMARY KEY (`id`)
) ENGINE=InnoDB AUTO_INCREMENT=70 DEFAULT CHARSET=utf8mb3;

DROP TABLE IF EXISTS `posts`;
CREATE TABLE `posts` (
  `id` int unsigned NOT NULL AUTO_INCREMENT,
  `user_id` int unsigned NOT NULL,
  `category_id` int unsigned NOT NULL,
  `title` varchar(100) NOT NULL,
  `slug` varchar(255) NOT NULL,
  `visits` int NOT NULL DEFAULT '0',
  `image` varchar(255) DEFAULT NULL,
  `description` text NOT NULL,
  `created_at` timestamp NOT NULL DEFAULT CURRENT_TIMESTAMP,
  `updated_at` timestamp NOT NULL DEFAULT CURRENT_TIMESTAMP ON UPDATE CURRENT_TIMESTAMP,
  PRIMARY KEY (`id`),
  KEY `posts_user_id_foreign` (`user_id`),
  KEY `posts_category_id_foreign` (`category_id`),
  CONSTRAINT `posts_category_id_foreign` FOREIGN KEY (`category_id`) REFERENCES `categories` (`id`) ON DELETE CASCADE,
  CONSTRAINT `posts_user_id_foreign` FOREIGN KEY (`user_id`) REFERENCES `users` (`id`) ON DELETE CASCADE
) ENGINE=InnoDB AUTO_INCREMENT=101 DEFAULT CHARSET=utf8mb3;

DROP TABLE IF EXISTS `users`;
CREATE TABLE `users` (
  `id` int unsigned NOT NULL AUTO_INCREMENT,
  `firstName` varchar(100) NOT NULL,
  `lastName` varchar(100) NOT NULL,
  `image` varchar(100) DEFAULT NULL,
  `email` varchar(100) NOT NULL,
  `password` varchar(255) NOT NULL,
  `created_at` timestamp NOT NULL DEFAULT CURRENT_TIMESTAMP,
  `updated_at` timestamp NOT NULL DEFAULT CURRENT_TIMESTAMP ON UPDATE CURRENT_TIMESTAMP,
  PRIMARY KEY (`id`),
  UNIQUE KEY `email` (`email`)
) ENGINE=InnoDB AUTO_INCREMENT=101 DEFAULT CHARSET=utf8mb3;

INSERT INTO `categories` (`id`, `name`, `slug`, `created_at`, `updated_at`) VALUES
(1, 'Essonne', 'essonne', '2023-02-07 14:18:15', '2023-02-07 14:18:15');
INSERT INTO `categories` (`id`, `name`, `slug`, `created_at`, `updated_at`) VALUES
(2, 'Eure-et-Loir', 'eure-et-loir', '2023-02-07 14:18:15', '2023-02-07 14:18:15');
INSERT INTO `categories` (`id`, `name`, `slug`, `created_at`, `updated_at`) VALUES
(3, 'Manche', 'manche', '2023-02-07 14:18:15', '2023-02-07 14:18:15');
INSERT INTO `categories` (`id`, `name`, `slug`, `created_at`, `updated_at`) VALUES
(4, 'Savoie', 'savoie', '2023-02-07 14:18:15', '2023-02-07 14:18:15'),
(5, 'Cantal', 'cantal', '2023-02-07 14:18:15', '2023-02-07 14:18:15'),
(6, 'Haute-Corse', 'haute-corse', '2023-02-07 14:18:15', '2023-02-07 14:18:15'),
(7, 'Val-de-Marne', 'val-de-marne', '2023-02-07 14:18:15', '2023-02-07 14:18:15'),
(8, 'Pas-de-Calais', 'pas-de-calais', '2023-02-07 14:18:15', '2023-02-07 14:18:15'),
(9, 'Saône-et-Loire', 'saône-et-loire', '2023-02-07 14:18:15', '2023-02-07 14:18:15'),
(10, 'Vaucluse', 'vaucluse', '2023-02-07 14:18:15', '2023-02-07 14:18:15');

INSERT INTO `migrations` (`id`, `version`, `class`, `group`, `namespace`, `time`, `batch`) VALUES
(67, '2022-11-17-171915', 'App\\Database\\Migrations\\User', 'default', 'App', 1675790284, 1);
INSERT INTO `migrations` (`id`, `version`, `class`, `group`, `namespace`, `time`, `batch`) VALUES
(68, '2022-11-17-171918', 'App\\Database\\Migrations\\Category', 'default', 'App', 1675790284, 1);
INSERT INTO `migrations` (`id`, `version`, `class`, `group`, `namespace`, `time`, `batch`) VALUES
(69, '2022-11-17-171922', 'App\\Database\\Migrations\\Post', 'default', 'App', 1675790284, 1);

INSERT INTO `posts` (`id`, `user_id`, `category_id`, `title`, `slug`, `visits`, `image`, `description`, `created_at`, `updated_at`) VALUES
(1, 54, 4, 'Voluptas dolor non rerum quaerat explicabo.', 'voluptas-dolor-non-rerum-quaerat-explicabo.', 5, 'https://picsum.photos/640/480', 'Dignissimos doloremque quae est debitis. Perferendis earum eligendi animi vitae consequatur velit. Autem nostrum numquam deserunt repellat architecto. Facere eum nostrum ullam quis dolores dolore hic.', '2023-02-07 14:18:15', '2023-02-07 14:18:15');
INSERT INTO `posts` (`id`, `user_id`, `category_id`, `title`, `slug`, `visits`, `image`, `description`, `created_at`, `updated_at`) VALUES
(2, 88, 5, 'Dolores in illo minus.', 'dolores-in-illo-minus.', 96, 'https://picsum.photos/640/480', 'Aperiam maxime sit optio quas porro harum. Sed doloribus dolorem ipsam voluptatem repudiandae sed et. Non officiis minima qui quos minima. Libero voluptas error et nemo debitis dolorum.', '2023-02-07 14:18:15', '2023-02-07 14:18:15');
INSERT INTO `posts` (`id`, `user_id`, `category_id`, `title`, `slug`, `visits`, `image`, `description`, `created_at`, `updated_at`) VALUES
(3, 10, 6, 'Ut ut soluta dolores ea et.', 'ut-ut-soluta-dolores-ea-et.', 84, 'https://picsum.photos/640/480', 'Dolorem odit eum et possimus. Officia qui dolores non ducimus quia saepe. Aut quaerat ut ut nemo accusamus. Iusto culpa deserunt adipisci ut.', '2023-02-07 14:18:15', '2023-02-07 14:18:15');
INSERT INTO `posts` (`id`, `user_id`, `category_id`, `title`, `slug`, `visits`, `image`, `description`, `created_at`, `updated_at`) VALUES
(4, 71, 5, 'Corrupti dolorem pariatur rerum qui.', 'corrupti-dolorem-pariatur-rerum-qui.', 44, 'https://picsum.photos/640/480', 'Tenetur hic voluptates dolores quae. Sapiente similique enim veniam minus non ut corporis minus. Est est provident maiores dolorum et illum in. Quibusdam libero quo minima labore. Autem possimus nisi natus explicabo delectus.', '2023-02-07 14:18:15', '2023-02-07 14:18:15'),
(5, 47, 7, 'Et quaerat reiciendis qui illo.', 'et-quaerat-reiciendis-qui-illo.', 10, 'https://picsum.photos/640/480', 'Tempore quos maiores possimus sed ad aspernatur repellendus. Minus saepe voluptas ea doloremque. In expedita molestiae et nostrum voluptas quam nulla. Magni aut accusamus et laudantium animi. Rem ipsum blanditiis consequatur culpa.', '2023-02-07 14:18:15', '2023-02-07 14:18:15'),
(6, 47, 9, 'Quo consequatur ut in debitis.', 'quo-consequatur-ut-in-debitis.', 97, 'https://picsum.photos/640/480', 'Vero quisquam alias nobis consequuntur corrupti vitae et. In quae et et vero consequuntur omnis. Ex ipsam id omnis distinctio voluptatibus eum enim debitis. Hic aliquid veritatis est nulla et quo facilis. Eligendi ipsum perferendis officiis sint. Magnam eos voluptas suscipit non dolorem eaque autem dolore. Est dolorum voluptatem quis et eos nam.', '2023-02-07 14:18:15', '2023-02-07 14:18:15'),
(7, 11, 3, 'Fuga eum atque delectus voluptate sed earum veritatis.', 'fuga-eum-atque-delectus-voluptate-sed-earum-veritatis.', 48, 'https://picsum.photos/640/480', 'Velit ab labore enim. Dolorem quia praesentium minus sequi praesentium aut aperiam. Nobis deleniti ipsa aut et rerum est. Sed iure aut rerum doloremque quaerat omnis. Totam fugit iste labore.', '2023-02-07 14:18:15', '2023-02-07 14:18:15'),
(8, 32, 10, 'Rerum error odit et voluptatem non consequatur qui.', 'rerum-error-odit-et-voluptatem-non-consequatur-qui.', 19, 'https://picsum.photos/640/480', 'Quia sit qui consequatur quo et eum. Repudiandae vero laborum dolor voluptatem iste distinctio libero. Quis et excepturi excepturi. Id earum sequi aut cumque praesentium modi quia. Qui reiciendis consectetur dolorem at quaerat. Sed praesentium doloremque veritatis modi et recusandae non. Vel deserunt vitae nobis tempora quia.', '2023-02-07 14:18:15', '2023-02-07 14:18:15'),
(9, 98, 2, 'Vel qui voluptatem quia dolorem cumque vel.', 'vel-qui-voluptatem-quia-dolorem-cumque-vel.', 91, 'https://picsum.photos/640/480', 'Excepturi molestiae consectetur harum vel et. Et ut aut temporibus labore aut non. Et voluptatum optio officiis sed sint aliquam. Distinctio occaecati cumque provident pariatur dolorum voluptatem cum. Illo quaerat ut sed repudiandae repellendus sint voluptates exercitationem.', '2023-02-07 14:18:15', '2023-02-07 14:18:15'),
(10, 77, 3, 'Fuga tenetur animi sit facere quae nesciunt voluptates ut.', 'fuga-tenetur-animi-sit-facere-quae-nesciunt-voluptates-ut.', 28, 'https://picsum.photos/640/480', 'A laborum qui illum aliquid consectetur soluta. Quia nulla omnis totam tenetur praesentium asperiores. Sunt commodi velit rerum est. Non reiciendis illum sint soluta totam. Similique molestiae et voluptatem dolorem omnis et.', '2023-02-07 14:18:15', '2023-02-07 14:18:15'),
(11, 13, 10, 'Sequi sequi enim saepe facilis.', 'sequi-sequi-enim-saepe-facilis.', 32, 'https://picsum.photos/640/480', 'Ut corrupti aut sapiente natus nihil nostrum. Nesciunt ea eligendi quo ut aut dicta earum. Ex in suscipit ut molestiae consequatur nisi accusamus sunt. Neque porro fugiat ducimus delectus odit. Dicta praesentium adipisci omnis eveniet sit.', '2023-02-07 14:18:15', '2023-02-07 14:18:15'),
(12, 66, 6, 'Voluptatem repellat delectus ut reiciendis ut tenetur.', 'voluptatem-repellat-delectus-ut-reiciendis-ut-tenetur.', 85, 'https://picsum.photos/640/480', 'Voluptatem veritatis maiores eius assumenda sed ut sed. Omnis sunt numquam quis voluptatem assumenda dolore porro. Ullam eveniet voluptatibus cumque temporibus facere. Praesentium necessitatibus et harum et quia. Quam impedit id et odit.', '2023-02-07 14:18:15', '2023-02-07 14:18:15'),
(13, 30, 5, 'Odio in consequatur molestias et culpa.', 'odio-in-consequatur-molestias-et-culpa.', 11, 'https://picsum.photos/640/480', 'Sequi velit mollitia dolores officiis. Culpa occaecati sunt ea quaerat sequi ipsam eos dignissimos. Culpa accusamus magnam veritatis est quos. Deserunt excepturi iure magni. Temporibus qui dolor quasi et sunt.', '2023-02-07 14:18:15', '2023-02-07 14:18:15'),
(14, 5, 7, 'Vel quia voluptate ipsa cupiditate fugit.', 'vel-quia-voluptate-ipsa-cupiditate-fugit.', 16, 'https://picsum.photos/640/480', 'Reprehenderit temporibus quisquam qui ea. Ut rem est maiores consectetur dignissimos quae dolorum. Soluta aut qui iure fugit sint incidunt. Quas cupiditate tempore reiciendis ut ipsam vel officia.', '2023-02-07 14:18:15', '2023-02-07 14:18:15'),
(15, 72, 3, 'Qui tempora ipsam enim similique ad aut est sapiente.', 'qui-tempora-ipsam-enim-similique-ad-aut-est-sapiente.', 8, 'https://picsum.photos/640/480', 'Fuga et in eius libero qui. Quo qui minima tempora. Sit iste libero voluptas saepe. Consequuntur neque provident ex recusandae nulla. Itaque vitae ad qui iure sit perferendis hic. Eaque illo rerum labore dolores.', '2023-02-07 14:18:15', '2023-02-07 14:18:15'),
(16, 92, 7, 'Voluptatibus est id nostrum est.', 'voluptatibus-est-id-nostrum-est.', 35, 'https://picsum.photos/640/480', 'Voluptas dignissimos nisi officiis non placeat laudantium. Corporis distinctio accusantium beatae ea velit quo consequatur. Et qui totam aperiam harum. Dolorum quaerat est optio reprehenderit sit. Eum odit at exercitationem voluptatem.', '2023-02-07 14:18:15', '2023-02-07 14:18:15'),
(17, 75, 3, 'Ut tenetur eaque sint quis numquam deserunt.', 'ut-tenetur-eaque-sint-quis-numquam-deserunt.', 41, 'https://picsum.photos/640/480', 'Id qui accusamus unde blanditiis qui. Et ut explicabo in at est cumque ut. Veniam error ut animi. Et magni iure inventore consequuntur quibusdam perferendis enim ipsam. Soluta error suscipit quaerat tempore enim architecto natus. Et enim quia nostrum dolores sunt sint quos nihil. Et qui veritatis ut aut incidunt vero ipsa.', '2023-02-07 14:18:15', '2023-02-07 14:18:15'),
(18, 59, 6, 'Exercitationem nisi alias et temporibus distinctio.', 'exercitationem-nisi-alias-et-temporibus-distinctio.', 39, 'https://picsum.photos/640/480', 'Provident qui id voluptatem dignissimos. Quaerat ut blanditiis asperiores veniam. Occaecati at velit aut. Qui fuga officiis et voluptatem vel. Omnis sit non et omnis aut eius totam. Enim perspiciatis vel ducimus molestias voluptas eum. Et neque quia quia omnis eaque culpa.', '2023-02-07 14:18:15', '2023-02-07 14:18:15'),
(19, 95, 4, 'Velit consectetur veritatis quo et fuga eius adipisci.', 'velit-consectetur-veritatis-quo-et-fuga-eius-adipisci.', 68, 'https://picsum.photos/640/480', 'Quae quae quis ut nostrum optio aspernatur. Laboriosam ut aperiam occaecati et molestiae. Numquam ab consequatur expedita error et dolores. Et repellat veritatis rerum dignissimos architecto assumenda laboriosam.', '2023-02-07 14:18:15', '2023-02-07 14:18:15'),
(20, 79, 6, 'Id aut eum et ea.', 'id-aut-eum-et-ea.', 67, 'https://picsum.photos/640/480', 'Deleniti et asperiores autem molestias animi voluptas. Voluptates occaecati dolores voluptatem accusamus. Ab reiciendis dolores itaque ut cumque. Doloribus blanditiis nulla dolorem illo.', '2023-02-07 14:18:15', '2023-02-07 14:18:15'),
(21, 55, 5, 'Quia suscipit distinctio et minima repellat id.', 'quia-suscipit-distinctio-et-minima-repellat-id.', 78, 'https://picsum.photos/640/480', 'Repudiandae consequatur inventore deleniti autem provident aliquam. Eum eligendi voluptatem hic consequatur doloremque quia. Minus nobis corrupti neque. Quibusdam totam vel voluptates iste libero iste. Sint atque aliquid iure est molestiae sit. Et provident provident dignissimos in eum sunt reiciendis. Incidunt exercitationem et placeat nemo similique repellat.', '2023-02-07 14:18:15', '2023-02-07 14:18:15'),
(22, 58, 7, 'Accusamus aut nisi quam doloribus.', 'accusamus-aut-nisi-quam-doloribus.', 37, 'https://picsum.photos/640/480', 'Animi in debitis voluptates provident provident eligendi qui. Dignissimos ut ut ut eos occaecati. Et quas neque doloremque velit ad. Ducimus accusamus inventore quod dolorem autem eligendi dicta. Maiores ut tempora aut et. Qui nemo doloribus perspiciatis necessitatibus.', '2023-02-07 14:18:15', '2023-02-07 14:18:15'),
(23, 73, 7, 'Suscipit quas ad voluptate iure dolores aperiam dolorem.', 'suscipit-quas-ad-voluptate-iure-dolores-aperiam-dolorem.', 80, 'https://picsum.photos/640/480', 'Nihil natus quae labore dolor et ipsum perspiciatis ut. Recusandae culpa alias dignissimos. Dolorum alias laboriosam fugiat qui consequatur id et. Enim repudiandae officia alias non aut voluptatem quod. Sed odio nisi consequatur ullam libero iste itaque. Sit qui ut libero iste ea ad nobis.', '2023-02-07 14:18:15', '2023-02-07 14:18:15'),
(24, 68, 4, 'Eum possimus amet rerum quia consectetur labore.', 'eum-possimus-amet-rerum-quia-consectetur-labore.', 90, 'https://picsum.photos/640/480', 'Et quis ipsa dicta est dolorem. Consequatur debitis officiis maxime accusantium saepe. Ut sed dolores quidem ipsum. Voluptas animi voluptates est est repudiandae similique. Fuga voluptatibus sunt quo nam ut. Qui voluptatem aut cupiditate sequi ab voluptas.', '2023-02-07 14:18:15', '2023-02-07 14:18:15'),
(25, 90, 8, 'Eveniet iusto alias est adipisci quo aut.', 'eveniet-iusto-alias-est-adipisci-quo-aut.', 67, 'https://picsum.photos/640/480', 'Voluptas voluptas hic omnis eum dolor vitae quo. Praesentium ea rerum eum. Culpa vitae illo neque occaecati. Modi molestias incidunt distinctio voluptatem temporibus mollitia ad et. Et quaerat tempora quos qui. Aut voluptas reiciendis architecto.', '2023-02-07 14:18:15', '2023-02-07 14:18:15'),
(26, 91, 9, 'Ut molestiae debitis facilis ut eum et nesciunt quibusdam.', 'ut-molestiae-debitis-facilis-ut-eum-et-nesciunt-quibusdam.', 98, 'https://picsum.photos/640/480', 'Laudantium recusandae quod voluptates officia itaque. Nemo molestiae recusandae iusto architecto eius quod possimus. Ea molestiae et enim quia laudantium veniam minima non. Labore architecto ipsam quod. Quo aut in illo veniam autem et. Voluptatibus expedita dolore laudantium beatae. Modi et architecto qui voluptas commodi.', '2023-02-07 14:18:15', '2023-02-07 14:18:15'),
(27, 45, 10, 'At incidunt tempora sit tenetur modi ipsam atque qui.', 'at-incidunt-tempora-sit-tenetur-modi-ipsam-atque-qui.', 49, 'https://picsum.photos/640/480', 'Harum aut recusandae adipisci eum repellat odit quas eaque. Expedita tenetur quos officiis mollitia. Velit sit assumenda sint ducimus itaque nostrum. Enim eos quidem consequatur ut soluta. Est itaque ea sit expedita at deserunt. A recusandae accusamus commodi ea. Tenetur reprehenderit eum aut iusto.', '2023-02-07 14:18:15', '2023-02-07 14:18:15'),
(28, 20, 10, 'Nemo est architecto ab consequatur et a ut.', 'nemo-est-architecto-ab-consequatur-et-a-ut.', 14, 'https://picsum.photos/640/480', 'Aspernatur ad et explicabo officiis natus voluptatum. Sit eligendi a perspiciatis officiis sequi. In alias amet totam quisquam quo qui. Eum eius voluptatem minima dolor aut voluptate. Dolorem fugiat veritatis eaque commodi sint. Est accusantium vitae laborum deserunt aliquam sit similique quos. Dolores consequuntur aliquid et beatae error pariatur placeat ipsam.', '2023-02-07 14:18:15', '2023-02-07 14:18:15'),
(29, 86, 8, 'Sunt rerum blanditiis facere sunt quis rerum deleniti.', 'sunt-rerum-blanditiis-facere-sunt-quis-rerum-deleniti.', 56, 'https://picsum.photos/640/480', 'Eveniet velit nihil esse quia eaque. Voluptas esse eum aperiam aspernatur alias. Fugiat est quis sed eligendi aut. Temporibus ut quia doloremque molestiae cupiditate aperiam quia molestias. Sequi eligendi esse aut iure. Consectetur voluptatibus ea vero qui.', '2023-02-07 14:18:15', '2023-02-07 14:18:15'),
(30, 94, 3, 'Harum consectetur doloribus enim.', 'harum-consectetur-doloribus-enim.', 55, 'https://picsum.photos/640/480', 'Aut est debitis iste culpa pariatur quae. Culpa eos est officiis necessitatibus saepe assumenda esse. Rerum deleniti numquam autem atque magni tempore. Quisquam labore veniam et sunt quia. Fugit voluptate adipisci atque est.', '2023-02-07 14:18:15', '2023-02-07 14:18:15'),
(31, 50, 2, 'Harum et ut earum labore.', 'harum-et-ut-earum-labore.', 97, 'https://picsum.photos/640/480', 'Nesciunt qui ab incidunt aliquid. Adipisci velit sit corrupti dolore voluptas et est. Laboriosam dolor in quis quisquam asperiores qui. Quae delectus exercitationem modi asperiores. Qui et temporibus voluptate. Non omnis sint et et.', '2023-02-07 14:18:15', '2023-02-07 14:18:15'),
(32, 40, 5, 'Dolores qui sequi dignissimos molestiae enim.', 'dolores-qui-sequi-dignissimos-molestiae-enim.', 66, 'https://picsum.photos/640/480', 'Minima ut inventore autem laudantium. Sit veritatis ad qui voluptatem modi molestiae. Dolor quidem ut reprehenderit dolor sint. Magnam veniam asperiores quod quia nulla quas amet. Ipsa eum adipisci autem ipsa doloremque possimus at. Aliquam tempore nulla ipsam odio quo iste et. Sunt perspiciatis in magni.', '2023-02-07 14:18:15', '2023-02-07 14:18:15'),
(33, 37, 6, 'Suscipit voluptatem autem vero repellat iure qui velit commodi.', 'suscipit-voluptatem-autem-vero-repellat-iure-qui-velit-commodi.', 37, 'https://picsum.photos/640/480', 'Sit quis quod voluptates dolores soluta odio repellat. Ex optio architecto sed reiciendis dolore autem et nisi. Nam perferendis et minus qui sequi. Occaecati rerum molestiae praesentium. Sed corrupti labore soluta iste sit est. Ut quo aut autem dignissimos magni ut placeat. Commodi id laborum deserunt recusandae.', '2023-02-07 14:18:15', '2023-02-07 14:18:15'),
(34, 27, 2, 'Itaque reprehenderit doloribus quidem aspernatur sint sit cupiditate.', 'itaque-reprehenderit-doloribus-quidem-aspernatur-sint-sit-cupiditate.', 79, 'https://picsum.photos/640/480', 'A aliquid asperiores in voluptatibus commodi voluptates. Maxime aliquam molestias dolorum nobis. Vitae laboriosam voluptatem sunt reprehenderit quasi. Quam quod dolorem aut. Atque cumque sit dolorum explicabo et.', '2023-02-07 14:18:15', '2023-02-07 14:18:15'),
(35, 70, 4, 'Quisquam sed molestiae distinctio veniam fugiat sed odio vero.', 'quisquam-sed-molestiae-distinctio-veniam-fugiat-sed-odio-vero.', 75, 'https://picsum.photos/640/480', 'Dolorum architecto vero amet vel. Ab id sunt nobis. Aut voluptatum reiciendis fugiat ut dolor unde. Eos aut voluptas repellendus non vero. Non autem corrupti natus id quo blanditiis. Voluptatem dicta rerum ad amet.', '2023-02-07 14:18:15', '2023-02-07 14:18:15'),
(36, 16, 9, 'Porro distinctio sed laborum quaerat.', 'porro-distinctio-sed-laborum-quaerat.', 21, 'https://picsum.photos/640/480', 'Aut minima sequi rerum. Dolores aut consequuntur eius architecto soluta dolor. Quaerat dolore iste omnis. Dolorem recusandae officia minima quisquam. Harum et minima et quod veritatis minus mollitia. Rerum placeat ullam aut. Voluptatem quaerat doloribus officiis consequatur quia doloribus soluta.', '2023-02-07 14:18:15', '2023-02-07 14:18:15'),
(37, 50, 8, 'Ab iste et ea voluptatibus.', 'ab-iste-et-ea-voluptatibus.', 14, 'https://picsum.photos/640/480', 'Delectus itaque ut distinctio quia eaque earum totam. Et repudiandae sint ipsa placeat. Sed deleniti et aliquid error neque minus dolorem. Quasi mollitia expedita ipsam mollitia natus quae delectus aliquid. Illum nesciunt laudantium voluptate quasi consequatur. Hic dicta aliquid soluta et praesentium non.', '2023-02-07 14:18:15', '2023-02-07 14:18:15'),
(38, 91, 9, 'Illo officiis voluptatem ut beatae.', 'illo-officiis-voluptatem-ut-beatae.', 44, 'https://picsum.photos/640/480', 'Eos dolore ut reprehenderit consequuntur explicabo neque magni. Omnis adipisci consequatur et eaque similique dolorum deserunt tempore. Neque est officia unde ipsa aut. Qui dolore et id debitis. Et dolor unde rerum facilis temporibus amet.', '2023-02-07 14:18:15', '2023-02-07 14:18:15'),
(39, 98, 9, 'Sed repudiandae ut officiis sed accusantium voluptatem.', 'sed-repudiandae-ut-officiis-sed-accusantium-voluptatem.', 51, 'https://picsum.photos/640/480', 'Eum debitis officia aspernatur minima ut rem eum. Rerum est rerum qui aut expedita. Quasi nam dolor error libero minima perspiciatis. Recusandae nam neque et molestiae.', '2023-02-07 14:18:15', '2023-02-07 14:18:15'),
(40, 12, 7, 'Id dolores quia maiores quasi molestias aliquam iste.', 'id-dolores-quia-maiores-quasi-molestias-aliquam-iste.', 45, 'https://picsum.photos/640/480', 'Blanditiis aliquid qui odit fugit minus et hic autem. Et nobis modi sit a alias. Distinctio reiciendis quos voluptates tempora unde sapiente cupiditate. Ad veritatis sit blanditiis est. Quia voluptatem et rerum qui ut corrupti aut aliquam.', '2023-02-07 14:18:15', '2023-02-07 14:18:15'),
(41, 51, 7, 'Eum quod consequatur aliquid enim velit laboriosam quia est.', 'eum-quod-consequatur-aliquid-enim-velit-laboriosam-quia-est.', 21, 'https://picsum.photos/640/480', 'Autem et eum illo repellat quia hic officia. Odit possimus rem voluptatem ab perspiciatis magni blanditiis delectus. Vitae quo esse hic aperiam alias. Minima magni explicabo at earum molestias et provident. Occaecati ea occaecati tempora quisquam. Ex eius consectetur excepturi deleniti sint neque ducimus. Nihil enim iusto sequi est unde esse accusamus.', '2023-02-07 14:18:15', '2023-02-07 14:18:15'),
(42, 10, 4, 'Nostrum sapiente deserunt ullam hic reiciendis est quos.', 'nostrum-sapiente-deserunt-ullam-hic-reiciendis-est-quos.', 63, 'https://picsum.photos/640/480', 'Qui quo consequuntur soluta hic. Quis accusamus et nihil quo. Maiores laborum recusandae distinctio nostrum eum eius velit. Sit non eligendi veniam beatae. Eaque ab quod iure ea rerum neque. Qui inventore iure sed sit aut explicabo minima.', '2023-02-07 14:18:15', '2023-02-07 14:18:15'),
(43, 85, 3, 'Et reprehenderit qui et error rerum.', 'et-reprehenderit-qui-et-error-rerum.', 49, 'https://picsum.photos/640/480', 'Non velit nihil esse et. Et omnis quae quibusdam tempora magnam est. Odit laboriosam placeat molestiae blanditiis animi. Blanditiis sed dolores distinctio id suscipit.', '2023-02-07 14:18:15', '2023-02-07 14:18:15'),
(44, 86, 8, 'Saepe qui quam consequatur voluptas.', 'saepe-qui-quam-consequatur-voluptas.', 83, 'https://picsum.photos/640/480', 'Ipsa deserunt error laborum ipsam quos. Qui magnam dolorem hic. Consequuntur laborum nisi libero quae est et ut nihil. Consectetur placeat velit quasi ab cupiditate odio dolorum. Iste fugit autem dolor quia. Iste suscipit aut minima voluptate numquam in. Voluptas nisi architecto corrupti adipisci.', '2023-02-07 14:18:15', '2023-02-07 14:18:15'),
(45, 23, 6, 'Error est labore dolores sed pariatur quibusdam.', 'error-est-labore-dolores-sed-pariatur-quibusdam.', 8, 'https://picsum.photos/640/480', 'Placeat ullam qui saepe quisquam eligendi non. Autem modi aperiam sint qui illum eum et. Nulla modi harum magnam doloremque est et omnis quis. Vitae laboriosam vero vero sed eos inventore modi.', '2023-02-07 14:18:15', '2023-02-07 14:18:15'),
(46, 69, 3, 'Veritatis voluptatibus eius corrupti fugit.', 'veritatis-voluptatibus-eius-corrupti-fugit.', 36, 'https://picsum.photos/640/480', 'Officiis nam sed sunt quo eligendi. Quis ipsum accusantium dolorem praesentium laudantium et illum. Amet minus velit sit minima impedit quaerat dolor. Corporis natus omnis asperiores. Consectetur voluptas molestiae alias nam. Accusantium veniam tenetur id et ducimus odit voluptas. Mollitia natus accusamus occaecati quisquam et cupiditate vitae.', '2023-02-07 14:18:15', '2023-02-07 14:18:15'),
(47, 23, 8, 'Rem neque eos nobis soluta aliquid quo corporis.', 'rem-neque-eos-nobis-soluta-aliquid-quo-corporis.', 17, 'https://picsum.photos/640/480', 'Ea placeat eligendi molestiae nostrum et esse ut. Sed et commodi ut est. Repudiandae soluta voluptas voluptas perferendis ratione est. Quo aut voluptatem minus aperiam iusto ipsa. Molestiae maxime eius architecto perspiciatis ullam ipsam nesciunt magni. Aliquam similique inventore molestias architecto suscipit debitis eum ullam.', '2023-02-07 14:18:15', '2023-02-07 14:18:15'),
(48, 69, 1, 'Voluptates unde provident veritatis ut.', 'voluptates-unde-provident-veritatis-ut.', 37, 'https://picsum.photos/640/480', 'Vel ab fuga sequi quod. Et et eligendi impedit rerum quas non magni. Natus consequatur voluptatem molestiae animi. Aut maxime eveniet ut voluptas in.', '2023-02-07 14:18:15', '2023-02-07 14:18:15'),
(49, 29, 9, 'Reprehenderit aut voluptas ducimus voluptatem accusamus vel.', 'reprehenderit-aut-voluptas-ducimus-voluptatem-accusamus-vel.', 48, 'https://picsum.photos/640/480', 'Facere quas nemo sint voluptatem. Mollitia dolore quia fuga laborum porro ut ullam. Est porro dolores impedit porro. Omnis sit autem dolorem commodi sed suscipit ipsa.', '2023-02-07 14:18:15', '2023-02-07 14:18:15'),
(50, 29, 7, 'Impedit tenetur natus rem nihil maxime non.', 'impedit-tenetur-natus-rem-nihil-maxime-non.', 54, 'https://picsum.photos/640/480', 'Rerum eos quia recusandae voluptates ad magnam officia. Repellat sequi quisquam odio molestiae est voluptas voluptatem. Numquam inventore ducimus sed rerum magni eum aut. Officia optio suscipit id perferendis.', '2023-02-07 14:18:15', '2023-02-07 14:18:15'),
(51, 58, 3, 'Maiores eum a aspernatur nisi.', 'maiores-eum-a-aspernatur-nisi.', 35, 'https://picsum.photos/640/480', 'Consequatur incidunt voluptatibus soluta minus fuga at quod. Ut nulla saepe et. Voluptas laborum unde minus distinctio officiis numquam excepturi eius. Ut aliquid quia sunt itaque magni debitis. Voluptatem veritatis illo provident ut rerum delectus.', '2023-02-07 14:18:15', '2023-02-07 14:18:15'),
(52, 35, 6, 'Eos nemo ducimus harum eveniet quam sunt nostrum.', 'eos-nemo-ducimus-harum-eveniet-quam-sunt-nostrum.', 36, 'https://picsum.photos/640/480', 'Voluptatem facere aspernatur molestiae cum et sit et. Id illo et voluptatibus ad quod. Dolorem labore aut aut eligendi. Et et esse aut aut voluptatum fugit nemo. Omnis autem quia molestiae excepturi aspernatur quo repellat.', '2023-02-07 14:18:15', '2023-02-07 14:18:15'),
(53, 79, 4, 'Nulla consequatur labore explicabo aliquam molestiae ut aut velit.', 'nulla-consequatur-labore-explicabo-aliquam-molestiae-ut-aut-velit.', 57, 'https://picsum.photos/640/480', 'Totam officiis quam tempora distinctio. Commodi optio atque sequi possimus qui perspiciatis neque. Doloremque iure veritatis libero repudiandae quo corporis adipisci. Consequatur vitae fugit rerum totam. Occaecati omnis exercitationem iusto tenetur cupiditate. Est quia nihil ea repudiandae quia harum. Voluptatem quas ut neque optio mollitia magnam.', '2023-02-07 14:18:15', '2023-02-07 14:18:15'),
(54, 95, 2, 'Exercitationem dicta dolores saepe.', 'exercitationem-dicta-dolores-saepe.', 29, 'https://picsum.photos/640/480', 'Non sed at voluptatibus et. Modi suscipit amet nam quidem. Consectetur repellat sapiente sint. Dignissimos rem minus mollitia illum tempora. Minima sunt molestias aut omnis saepe qui. Voluptatem amet saepe aut perferendis expedita.', '2023-02-07 14:18:15', '2023-02-07 14:18:15'),
(55, 96, 8, 'Pariatur fuga repudiandae sunt aut fugit inventore eligendi.', 'pariatur-fuga-repudiandae-sunt-aut-fugit-inventore-eligendi.', 53, 'https://picsum.photos/640/480', 'Nisi qui sit voluptatum velit in in. Quae placeat vel quia ut iste nam. Rerum quia quas commodi dolor sit sapiente culpa. Quisquam nisi enim dolor commodi est placeat. Quo est et dicta iusto blanditiis ea ut. Nobis fugiat et a eum aperiam. At omnis minima laboriosam nemo voluptatem asperiores.', '2023-02-07 14:18:15', '2023-02-07 14:18:15'),
(56, 93, 5, 'Voluptas aut adipisci optio veniam dolore.', 'voluptas-aut-adipisci-optio-veniam-dolore.', 91, 'https://picsum.photos/640/480', 'Et est fugiat temporibus repellendus iusto ea eaque. Vel quis sint aut voluptas soluta. Eum quibusdam quo qui deleniti delectus. Aperiam tempora fuga ipsa aliquid. Quod error et iusto numquam molestias nisi. Quas perspiciatis aut veritatis nisi magnam nam voluptatum.', '2023-02-07 14:18:15', '2023-02-07 14:18:15'),
(57, 1, 3, 'Voluptatum molestiae omnis explicabo voluptas ab aut.', 'voluptatum-molestiae-omnis-explicabo-voluptas-ab-aut.', 60, 'https://picsum.photos/640/480', 'Suscipit ex incidunt commodi vitae. Officiis veniam voluptates alias aut voluptatibus aperiam vel. Ea eos exercitationem atque eligendi cum. Rerum est perferendis quia explicabo sequi dolorem alias. Consequatur sunt exercitationem laboriosam harum animi tempore error. Magnam quaerat numquam quis eum. Amet quasi quia enim voluptatem aperiam consequatur.', '2023-02-07 14:18:15', '2023-02-07 14:18:15'),
(58, 84, 4, 'Nihil officia fugit non repellat enim.', 'nihil-officia-fugit-non-repellat-enim.', 2, 'https://picsum.photos/640/480', 'Est ut deleniti debitis quod id. Et aperiam iusto minus dolores. Possimus magni est enim omnis ut. Possimus autem quis voluptatem vel cum. Iste dolorem consequatur suscipit rerum in repudiandae pariatur. Illo asperiores a neque dolor. Vel ea laboriosam et id.', '2023-02-07 14:18:15', '2023-02-07 14:18:15'),
(59, 97, 8, 'Amet qui in fuga aliquid quam aut.', 'amet-qui-in-fuga-aliquid-quam-aut.', 23, 'https://picsum.photos/640/480', 'Sed aspernatur aut cum suscipit qui incidunt tempora. Illum unde non et dolores incidunt et repudiandae. Animi ad exercitationem ipsa similique tenetur incidunt excepturi. Sunt aperiam possimus perferendis.', '2023-02-07 14:18:15', '2023-02-07 14:18:15'),
(60, 55, 10, 'Esse voluptatem dignissimos nemo.', 'esse-voluptatem-dignissimos-nemo.', 5, 'https://picsum.photos/640/480', 'Cupiditate delectus dolor error voluptatibus animi vel rerum vero. Neque nihil est eum occaecati debitis placeat. Nobis unde enim sequi recusandae. A id et rerum minus. Esse modi quis distinctio alias dignissimos. Aut magni minima iure ipsum ut assumenda nam quis. Dolorem tempora et et incidunt ut accusamus.', '2023-02-07 14:18:15', '2023-02-07 14:18:15'),
(61, 75, 5, 'Eos sed et rem nisi eos exercitationem.', 'eos-sed-et-rem-nisi-eos-exercitationem.', 12, 'https://picsum.photos/640/480', 'Id at velit nesciunt dolor rerum. Deleniti voluptates voluptas rerum iure perspiciatis enim. A repellat aut amet commodi. Adipisci ratione sunt veniam.', '2023-02-07 14:18:15', '2023-02-07 14:18:15'),
(62, 9, 6, 'Quisquam occaecati provident inventore molestias inventore ea.', 'quisquam-occaecati-provident-inventore-molestias-inventore-ea.', 55, 'https://picsum.photos/640/480', 'Quo voluptatum reiciendis cupiditate aut. Voluptate qui et tempore sed. Et hic aut aut velit quis error asperiores. Qui maxime et commodi nulla ex. Est sit fuga et occaecati. Saepe voluptatem eos quia blanditiis dicta consectetur eaque.', '2023-02-07 14:18:15', '2023-02-07 14:18:15'),
(63, 42, 6, 'Officia dolor unde atque quod voluptas.', 'officia-dolor-unde-atque-quod-voluptas.', 2, 'https://picsum.photos/640/480', 'Eos modi alias qui voluptatem. Blanditiis doloribus porro quam ea voluptatibus velit sint. Aspernatur et asperiores explicabo. Doloribus quos ab quas inventore. Molestias ratione molestiae enim esse. Dolorem suscipit vitae quia nulla quam rerum et culpa.', '2023-02-07 14:18:15', '2023-02-07 14:18:15'),
(64, 80, 10, 'Minus ut quaerat odit ut enim sed sit.', 'minus-ut-quaerat-odit-ut-enim-sed-sit.', 46, 'https://picsum.photos/640/480', 'Qui officia accusamus in soluta eius. Et molestias aliquid quos ut sapiente quia optio. Nostrum non id voluptatem vitae optio explicabo ex ipsam. Eius voluptas rerum eveniet ratione. Nulla sit iure optio qui blanditiis iusto aliquid.', '2023-02-07 14:18:15', '2023-02-07 14:18:15'),
(65, 45, 10, 'Voluptate ut doloribus reiciendis eos.', 'voluptate-ut-doloribus-reiciendis-eos.', 63, 'https://picsum.photos/640/480', 'Officia ipsam corporis dolorum. Quis dolores voluptatem rerum accusamus placeat nihil. A rerum atque tenetur accusamus quos. Et labore nemo et ut similique laborum et ad. Ratione cum deserunt ad culpa animi quaerat quos. Doloribus exercitationem qui qui a.', '2023-02-07 14:18:15', '2023-02-07 14:18:15'),
(66, 4, 1, 'Explicabo cum adipisci sapiente consequatur consequuntur.', 'explicabo-cum-adipisci-sapiente-consequatur-consequuntur.', 95, 'https://picsum.photos/640/480', 'Voluptatem sit dolorem debitis ea dolorum. Rerum et occaecati et iure. Et debitis placeat ratione tenetur. Necessitatibus enim laborum impedit labore ad. Nam atque non non voluptas.', '2023-02-07 14:18:15', '2023-02-07 14:18:15'),
(67, 22, 1, 'Repellat voluptatem nesciunt vero eaque sed.', 'repellat-voluptatem-nesciunt-vero-eaque-sed.', 81, 'https://picsum.photos/640/480', 'Animi tempore eligendi aut nemo et et molestiae. Fugiat voluptates adipisci nihil vel. At voluptatem deserunt dolorem ipsum. Animi repellat tempora corrupti ut. Labore molestiae amet sed reiciendis.', '2023-02-07 14:18:15', '2023-02-07 14:18:15'),
(68, 88, 8, 'Impedit omnis debitis ipsum laudantium aut.', 'impedit-omnis-debitis-ipsum-laudantium-aut.', 17, 'https://picsum.photos/640/480', 'Minima labore cupiditate consequuntur qui ea omnis eum. Veniam reiciendis numquam excepturi quo aut blanditiis et. Quia ut natus dolor architecto omnis reiciendis. Tempore quidem officia ea maiores nihil officia necessitatibus velit.', '2023-02-07 14:18:15', '2023-02-07 14:18:15'),
(69, 49, 10, 'Voluptas a id magnam esse sint ex.', 'voluptas-a-id-magnam-esse-sint-ex.', 24, 'https://picsum.photos/640/480', 'Consequatur repellat vel minus architecto consequatur ullam. Quas aut ipsam repellendus dicta molestiae laboriosam. Sit enim iste est. Cupiditate voluptatem corporis possimus.', '2023-02-07 14:18:15', '2023-02-07 14:18:15'),
(70, 40, 5, 'Corporis enim ratione laborum ut eos.', 'corporis-enim-ratione-laborum-ut-eos.', 16, 'https://picsum.photos/640/480', 'Rerum omnis illo aliquid dicta dolores. Et enim repellat quo quaerat recusandae. Aut minus maiores voluptatem fugiat a distinctio aperiam. Ad et numquam sit ab sed eveniet similique.', '2023-02-07 14:18:15', '2023-02-07 14:18:15'),
(71, 13, 8, 'Voluptatem asperiores tempora rerum deserunt dolorum.', 'voluptatem-asperiores-tempora-rerum-deserunt-dolorum.', 51, 'https://picsum.photos/640/480', 'Perspiciatis at omnis unde. Sunt quis corrupti tempore eaque sed ab. Ea voluptas deleniti totam rerum dolore officiis. Dolorem nemo occaecati ut eum sed. Quidem rem magnam asperiores similique. Ipsam architecto impedit provident voluptatem pariatur consequatur ut. Asperiores doloremque aspernatur nobis qui corporis ut cupiditate.', '2023-02-07 14:18:15', '2023-02-07 14:18:15'),
(72, 29, 10, 'Amet tenetur autem iure ut veritatis placeat.', 'amet-tenetur-autem-iure-ut-veritatis-placeat.', 83, 'https://picsum.photos/640/480', 'Sint voluptas provident aut quo provident sit. Aut commodi sit ea neque. Architecto culpa enim consequuntur ut similique natus. Voluptatem provident aspernatur et qui dolorem rerum deserunt. Deleniti itaque quo magni consequatur ut in id esse. Dolor et provident unde eum.', '2023-02-07 14:18:15', '2023-02-07 14:18:15'),
(73, 51, 6, 'Beatae assumenda omnis debitis minus.', 'beatae-assumenda-omnis-debitis-minus.', 97, 'https://picsum.photos/640/480', 'Ut sed soluta ut ut. Similique eaque dolore itaque quia. Architecto et alias debitis culpa. Explicabo eius excepturi consequatur accusantium natus quidem.', '2023-02-07 14:18:15', '2023-02-07 14:18:15'),
(74, 25, 10, 'Rem ipsa accusamus consequatur dolorem saepe dolore minus.', 'rem-ipsa-accusamus-consequatur-dolorem-saepe-dolore-minus.', 58, 'https://picsum.photos/640/480', 'Recusandae earum delectus cupiditate aut doloribus. Facilis et rem incidunt nemo explicabo. Ut qui ad temporibus aut occaecati. Eligendi at ad sint. Impedit minus numquam accusantium distinctio tempore.', '2023-02-07 14:18:15', '2023-02-07 14:18:15'),
(75, 57, 9, 'Molestiae fugiat nesciunt sunt dolor dolorem corrupti eos.', 'molestiae-fugiat-nesciunt-sunt-dolor-dolorem-corrupti-eos.', 55, 'https://picsum.photos/640/480', 'Soluta nesciunt tempore quia expedita quisquam quibusdam et dolor. Et maxime quia odio sequi nemo distinctio. Quidem earum ex numquam quas perferendis. Eos repellat molestias debitis et praesentium rerum molestiae.', '2023-02-07 14:18:15', '2023-02-07 14:18:15'),
(76, 7, 3, 'Totam eum dolores voluptates exercitationem delectus.', 'totam-eum-dolores-voluptates-exercitationem-delectus.', 43, 'https://picsum.photos/640/480', 'Sunt alias et ad et aut sit nemo. Autem placeat et sapiente id et neque. Id et ad et consequuntur. Ad libero veniam quis repellat quas nemo rem. Quia tempore quo est blanditiis error consequatur. Reiciendis eos ut et incidunt assumenda corporis.', '2023-02-07 14:18:15', '2023-02-07 14:18:15'),
(77, 50, 6, 'Iure molestias ipsa vitae excepturi earum eius.', 'iure-molestias-ipsa-vitae-excepturi-earum-eius.', 84, 'https://picsum.photos/640/480', 'Eaque deserunt et quaerat deleniti. Aliquid ut aut illum porro sed rerum dolorem. Non et minus assumenda temporibus nisi qui omnis. Nulla corrupti itaque amet expedita quasi alias ut omnis. Eos cum sequi voluptas alias.', '2023-02-07 14:18:15', '2023-02-07 14:18:15'),
(78, 9, 1, 'Dolor nulla laborum voluptate labore.', 'dolor-nulla-laborum-voluptate-labore.', 40, 'https://picsum.photos/640/480', 'Iusto doloremque maxime occaecati animi placeat. Ad pariatur tenetur et esse. Reprehenderit incidunt recusandae delectus consequatur. Corrupti quia in aut assumenda. Sunt impedit esse omnis aut aut aut. Quia esse officia in. Sequi magnam labore expedita corporis.', '2023-02-07 14:18:15', '2023-02-07 14:18:15'),
(79, 33, 2, 'Et rerum sit adipisci ut.', 'et-rerum-sit-adipisci-ut.', 75, 'https://picsum.photos/640/480', 'Unde dolores laborum enim cum. Molestiae ea est voluptatum vel. Doloremque iusto voluptatem ipsam voluptatem. Corrupti hic animi ullam modi sed aspernatur. Suscipit fugit maiores qui delectus unde. Cum alias soluta corporis.', '2023-02-07 14:18:15', '2023-02-07 14:18:15'),
(80, 11, 9, 'Similique placeat error earum possimus.', 'similique-placeat-error-earum-possimus.', 34, 'https://picsum.photos/640/480', 'Qui magni et voluptas occaecati. Aliquam aliquam in explicabo quos quis vel. Illum at impedit minima omnis aut et iste. Ut explicabo aut accusamus ipsum et et quisquam. Suscipit qui laborum nam aut quibusdam.', '2023-02-07 14:18:15', '2023-02-07 14:18:15'),
(81, 91, 7, 'Quis consequatur veritatis occaecati praesentium.', 'quis-consequatur-veritatis-occaecati-praesentium.', 79, 'https://picsum.photos/640/480', 'Cum sit voluptatum praesentium totam. Quidem omnis id molestiae nobis atque consequatur laudantium. Consequatur similique ut et ipsa tenetur nulla. Ea doloribus tenetur iure aut adipisci est rerum unde. Adipisci incidunt soluta soluta sed qui totam at. Non dolores ratione odit. Voluptas ut et aut rerum et aspernatur.', '2023-02-07 14:18:15', '2023-02-07 14:18:15'),
(82, 42, 10, 'Aut eum veniam voluptas molestiae omnis alias.', 'aut-eum-veniam-voluptas-molestiae-omnis-alias.', 1, 'https://picsum.photos/640/480', 'Sint necessitatibus alias nesciunt repellendus. Aut ut labore explicabo maxime. In fugiat nostrum veniam consequuntur sint eligendi quae. In fuga distinctio excepturi quaerat corrupti. Eum qui aut voluptas dignissimos qui. Omnis placeat ipsa explicabo.', '2023-02-07 14:18:15', '2023-02-07 14:18:15'),
(83, 14, 5, 'Ipsum delectus iusto ea et et.', 'ipsum-delectus-iusto-ea-et-et.', 85, 'https://picsum.photos/640/480', 'Quas dolor iste voluptatem fuga quibusdam rerum adipisci. Fuga facere facere numquam minima velit. Quia quas magni aliquid dolore qui autem iste. Cupiditate doloribus quisquam aut maiores est. Natus ipsa qui adipisci nihil molestias repudiandae doloribus. Neque ea sapiente voluptatum distinctio corporis est et.', '2023-02-07 14:18:15', '2023-02-07 14:18:15'),
(84, 33, 1, 'Enim rerum voluptatibus voluptatem exercitationem iste consequatur.', 'enim-rerum-voluptatibus-voluptatem-exercitationem-iste-consequatur.', 63, 'https://picsum.photos/640/480', 'Et aut et quia amet vel sapiente eveniet dicta. Facilis repellendus ex quaerat et saepe. Et voluptas sit adipisci cupiditate unde harum. Quam sapiente non blanditiis a nihil modi sed odit.', '2023-02-07 14:18:15', '2023-02-07 14:18:15'),
(85, 98, 4, 'Nesciunt ipsam libero delectus.', 'nesciunt-ipsam-libero-delectus.', 25, 'https://picsum.photos/640/480', 'Nemo aliquid possimus aliquam qui ducimus. Vel unde earum ut magnam inventore voluptas. Delectus voluptate assumenda ducimus neque eos. Praesentium quaerat magni dignissimos quia.', '2023-02-07 14:18:15', '2023-02-07 14:18:15'),
(86, 62, 3, 'Quia ex molestiae dolorem nihil quasi molestiae et.', 'quia-ex-molestiae-dolorem-nihil-quasi-molestiae-et.', 100, 'https://picsum.photos/640/480', 'Saepe dolor hic in. Voluptatem porro iusto hic reprehenderit eligendi dolor. Magnam qui pariatur voluptas laudantium. Maiores pariatur quis cumque repellat fugit adipisci delectus. Ea perspiciatis architecto nesciunt magni esse. Beatae dolorem vitae reprehenderit labore aperiam facilis. Ut similique eum nulla.', '2023-02-07 14:18:15', '2023-02-07 14:18:15'),
(87, 32, 5, 'Possimus aut et quas labore unde.', 'possimus-aut-et-quas-labore-unde.', 89, 'https://picsum.photos/640/480', 'Sed doloremque libero illo inventore. Autem praesentium est asperiores nihil vero. Neque temporibus ex sed vel est ducimus rem. Totam sit magni ut vel sint nobis impedit. Molestias voluptatem corrupti iure distinctio molestiae laborum ab. Cum modi sunt omnis dolorem earum dignissimos. Quod autem ipsum atque facere.', '2023-02-07 14:18:15', '2023-02-07 14:18:15'),
(88, 95, 5, 'Sed reiciendis fugiat optio necessitatibus velit velit assumenda debitis.', 'sed-reiciendis-fugiat-optio-necessitatibus-velit-velit-assumenda-debitis.', 16, 'https://picsum.photos/640/480', 'Sit et dolorem provident. Id sit velit id distinctio aut repellendus eaque vel. Et saepe possimus porro voluptatem ut. Qui deleniti perspiciatis assumenda culpa.', '2023-02-07 14:18:15', '2023-02-07 14:18:15'),
(89, 5, 6, 'Debitis et sed quaerat error delectus sed.', 'debitis-et-sed-quaerat-error-delectus-sed.', 72, 'https://picsum.photos/640/480', 'Aut amet et doloremque in assumenda temporibus ipsum. Tempore ipsa dolores fuga corporis architecto rerum. Quae ea nisi nisi aut omnis et. Architecto unde omnis sint nisi.', '2023-02-07 14:18:15', '2023-02-07 14:18:15'),
(90, 9, 10, 'Enim nihil eos itaque repellendus.', 'enim-nihil-eos-itaque-repellendus.', 16, 'https://picsum.photos/640/480', 'Quia excepturi ratione qui distinctio velit nemo. Sed dolor rerum aut omnis consectetur. Cupiditate magni numquam omnis eos omnis nobis id. Adipisci quas dolor tempora dolor reiciendis dolorum et ut. Asperiores et ut sit est ut temporibus. Officiis labore dolorum quia.', '2023-02-07 14:18:15', '2023-02-07 14:18:15'),
(91, 52, 1, 'Culpa sed enim nostrum molestiae.', 'culpa-sed-enim-nostrum-molestiae.', 90, 'https://picsum.photos/640/480', 'Et enim recusandae adipisci animi. Sed occaecati dignissimos et impedit rerum perferendis. Ipsum nobis autem omnis. Et rerum molestiae dolorem temporibus vel adipisci.', '2023-02-07 14:18:15', '2023-02-07 14:18:15'),
(92, 70, 8, 'Numquam facilis molestias magnam aut quasi pariatur nostrum porro.', 'numquam-facilis-molestias-magnam-aut-quasi-pariatur-nostrum-porro.', 37, 'https://picsum.photos/640/480', 'Nisi molestiae nobis et mollitia fuga maiores repudiandae. Sunt eaque ullam perferendis repudiandae fugit officia ea. Accusantium repellendus dolor est quisquam debitis nemo velit illo. Aut velit quae laborum possimus. Nulla voluptatem nostrum totam. Alias sed sapiente sint sed et ratione delectus.', '2023-02-07 14:18:15', '2023-02-07 14:18:15'),
(93, 92, 10, 'Officiis sed et iure omnis.', 'officiis-sed-et-iure-omnis.', 88, 'https://picsum.photos/640/480', 'Aut minus aperiam distinctio totam. Est ducimus corporis ducimus odio expedita consequuntur. Cum voluptatem nisi autem consectetur adipisci voluptate. Architecto eaque aut dolor ut debitis.', '2023-02-07 14:18:15', '2023-02-07 14:18:15'),
(94, 36, 2, 'Id in error impedit ut sit.', 'id-in-error-impedit-ut-sit.', 22, 'https://picsum.photos/640/480', 'Placeat ut et et rerum saepe. Officiis aut iusto provident dolores. Molestiae temporibus sed et necessitatibus voluptatibus. Velit voluptas laboriosam aut repudiandae quod tempora voluptatibus.', '2023-02-07 14:18:15', '2023-02-07 14:18:15'),
(95, 24, 5, 'Temporibus nesciunt ab reiciendis.', 'temporibus-nesciunt-ab-reiciendis.', 96, 'https://picsum.photos/640/480', 'Itaque doloremque voluptatem vero dolores. Ea quasi quasi incidunt ex dolorum. Quia aut quia voluptas. Dolore aspernatur dolor non est magni.', '2023-02-07 14:18:15', '2023-02-07 14:18:15'),
(96, 18, 3, 'Ullam rerum culpa iure assumenda labore.', 'ullam-rerum-culpa-iure-assumenda-labore.', 10, 'https://picsum.photos/640/480', 'Velit nesciunt cupiditate doloribus voluptatem. Dolorem quisquam necessitatibus aliquam sunt ab. Omnis libero aliquid nisi nemo ut soluta. Autem consequatur et laudantium. Modi hic cumque explicabo rem voluptatibus id soluta vitae.', '2023-02-07 14:18:15', '2023-02-07 14:18:15'),
(97, 42, 6, 'Quia aut nisi autem ea.', 'quia-aut-nisi-autem-ea.', 96, 'https://picsum.photos/640/480', 'Autem nisi et est ut rerum et voluptatem. Voluptas nostrum repellendus aut ipsam. Et aut labore quisquam voluptatem eius in. Non eaque dolore pariatur. Ut occaecati hic et. Necessitatibus laudantium eos pariatur sunt.', '2023-02-07 14:18:15', '2023-02-07 14:18:15'),
(98, 32, 9, 'Voluptate ipsa earum sed qui voluptate at.', 'voluptate-ipsa-earum-sed-qui-voluptate-at.', 96, 'https://picsum.photos/640/480', 'Tempora illo quisquam eum id eos quia iste. Omnis cupiditate debitis quisquam explicabo. Quis dolorum molestias eos unde hic. Rerum est voluptas debitis. Veritatis voluptatem quia quia qui. Sequi dignissimos ut velit distinctio. Aperiam odit eligendi dolore.', '2023-02-07 14:18:15', '2023-02-07 14:18:15'),
(99, 80, 5, 'Autem dolor ut et voluptates est eum ipsum.', 'autem-dolor-ut-et-voluptates-est-eum-ipsum.', 33, 'https://picsum.photos/640/480', 'Placeat autem blanditiis enim ea est. Et natus voluptatem quibusdam quia. Reiciendis fugit facilis eligendi et. Ullam sunt voluptas illum cum earum ut.', '2023-02-07 14:18:15', '2023-02-07 14:18:15'),
(100, 96, 2, 'Et non repellat et.', 'et-non-repellat-et.', 59, 'https://picsum.photos/640/480', 'Aliquam ea unde doloremque voluptatem. Architecto sunt odit magnam odio omnis qui reiciendis. Ratione beatae dolores ratione exercitationem sint est. Rem saepe rerum quas rerum facere vero. Perspiciatis voluptatem quo delectus atque dolor. Eveniet velit qui nihil animi modi corporis.', '2023-02-07 14:18:15', '2023-02-07 14:18:15');

INSERT INTO `users` (`id`, `firstName`, `lastName`, `image`, `email`, `password`, `created_at`, `updated_at`) VALUES
(1, 'Danilo', 'Jimenes', 'https://randomuser.me/api/portraits/men/27.jpg', 'mirella.avila@queiros.com.br', '$2y$10$UbtXmgU2WBnB85ank9Zb7uQwdPIt6aOc958OttjbsrR6GOYo.OUZe', '2023-02-07 14:18:10', '2023-02-07 14:18:10');
INSERT INTO `users` (`id`, `firstName`, `lastName`, `image`, `email`, `password`, `created_at`, `updated_at`) VALUES
(2, 'Artur', 'Burgos', 'https://randomuser.me/api/portraits/men/19.jpg', 'raphael69@hotmail.com', '$2y$10$fh0stXNXXj88XvOzySMd8eWPoMk/H3nxEPfWaGi5RNbJowlbWceTy', '2023-02-07 14:18:10', '2023-02-07 14:18:10');
INSERT INTO `users` (`id`, `firstName`, `lastName`, `image`, `email`, `password`, `created_at`, `updated_at`) VALUES
(3, 'Agostinho', 'Rivera', 'https://randomuser.me/api/portraits/men/90.jpg', 'quintana.renan@padrao.net.br', '$2y$10$F3q.Yt.He87SHpTpko2nDuuAuzrTFBldpX5p5xz1.ZzX5OdJnEARS', '2023-02-07 14:18:10', '2023-02-07 14:18:10');
INSERT INTO `users` (`id`, `firstName`, `lastName`, `image`, `email`, `password`, `created_at`, `updated_at`) VALUES
(4, 'Enzo', 'Rios', 'https://randomuser.me/api/portraits/men/46.jpg', 'julia.lourenco@ig.com.br', '$2y$10$iL90LVPyEmCo95Zie6Y3kuxFyEUckFS0LQGm6GaI4m5x0jm7dnEFu', '2023-02-07 14:18:10', '2023-02-07 14:18:10'),
(5, 'Juan', 'Rezende', 'https://randomuser.me/api/portraits/men/21.jpg', 'michele72@caldeira.net', '$2y$10$3P1UzcH0k8TjflHzYZdA3eNmQ6FCwJhnDEh4XrXKS9q591aQq7jkq', '2023-02-07 14:18:10', '2023-02-07 14:18:10'),
(6, 'Alessandro', 'Sepúlveda', 'https://randomuser.me/api/portraits/men/31.jpg', 'marco23@ig.com.br', '$2y$10$ccX6rgfWDaeazOKJ.hdOW.H6smjtObtT8J/5JRdrWw1uY5SYxW3JW', '2023-02-07 14:18:10', '2023-02-07 14:18:10'),
(7, 'Maicon', 'Corona', 'https://randomuser.me/api/portraits/men/84.jpg', 'casanova.tomas@terra.com.br', '$2y$10$/pSB7K.CrZcfVA73YBAQLuZ1B37OAdwORiZlueKVziW9JS/afghEm', '2023-02-07 14:18:10', '2023-02-07 14:18:10'),
(8, 'Christopher', 'Burgos', 'https://randomuser.me/api/portraits/men/23.jpg', 'fabio.burgos@uol.com.br', '$2y$10$44iC3UeJcHyBnbmoQo9I3e8fgBIBjCM5BSz3ZBcqlsTP0pj1mQ6ve', '2023-02-07 14:18:10', '2023-02-07 14:18:10'),
(9, 'Gilberto', 'Bonilha', 'https://randomuser.me/api/portraits/men/44.jpg', 'emilly.lira@yahoo.com', '$2y$10$zq3P0yJfDyD7tl1y0dnzuuxlFdwK055iWll3YXqNnM5RIuRSAYava', '2023-02-07 14:18:10', '2023-02-07 14:18:10'),
(10, 'Pedro', 'Corona', 'https://randomuser.me/api/portraits/men/50.jpg', 'jmares@hotmail.com', '$2y$10$GCGWuKsoc/FgbSbNNl.01.tbUS1oev3kX5lMVX0s4Cx4yPWO5szZG', '2023-02-07 14:18:10', '2023-02-07 14:18:10'),
(11, 'Danilo', 'Zamana', 'https://randomuser.me/api/portraits/men/90.jpg', 'nlira@salazar.net', '$2y$10$OctEblLUBROjE5xFJb72VOzOOI5DFNMf314Ar/qGaI8UJ8wTzAXzK', '2023-02-07 14:18:10', '2023-02-07 14:18:10'),
(12, 'Diogo', 'Ramos', 'https://randomuser.me/api/portraits/men/43.jpg', 'ketlin25@r7.com', '$2y$10$jkfXKArQeyRZ40jWF3sjU.cs/w58ahO.uI.3CvpdVgFMR8QmM5zdC', '2023-02-07 14:18:10', '2023-02-07 14:18:10'),
(13, 'Juliano', 'Lourenço', 'https://randomuser.me/api/portraits/men/16.jpg', 'josue62@gmail.com', '$2y$10$HHldQXt5YIkNhMYQw6YDx.q68.2qvUWEiswNpDDmgGdT9vTkzm4v2', '2023-02-07 14:18:10', '2023-02-07 14:18:10'),
(14, 'Vinícius', 'Marques', 'https://randomuser.me/api/portraits/men/46.jpg', 'simon20@terra.com.br', '$2y$10$sfTC2SH6r53U9EjNVCNeoepwB2FHiLrT00n6xdoZfz3wc7D00v2vm', '2023-02-07 14:18:10', '2023-02-07 14:18:10'),
(15, 'Bruno', 'Cervantes', 'https://randomuser.me/api/portraits/men/70.jpg', 'noel14@arruda.br', '$2y$10$hehdg8xW2v7sOVV3VMgLoOiKVRJPRw/diiJUdfdwHhAkljRUzSn3K', '2023-02-07 14:18:10', '2023-02-07 14:18:10'),
(16, 'Mateus', 'Azevedo', 'https://randomuser.me/api/portraits/men/50.jpg', 'jefferson12@gmail.com', '$2y$10$Y36ifVPtJz/9b18pX3btte.iJcznykwU639mDU/1QVEIFT02Qvh52', '2023-02-07 14:18:10', '2023-02-07 14:18:10'),
(17, 'Valentin', 'Alves', 'https://randomuser.me/api/portraits/men/11.jpg', 'yasmin.vasques@uchoa.com.br', '$2y$10$FkAoqgVfHWxieNCJiRnu8eq.bIO5C4ThwBh33AxZu/x0RDnHOsJny', '2023-02-07 14:18:10', '2023-02-07 14:18:10'),
(18, 'Natan', 'Corona', 'https://randomuser.me/api/portraits/men/80.jpg', 'maya.ferminiano@ig.com.br', '$2y$10$ABh5RqVmvn/G34X8Xg.v4..cbXy.HyvfB3YpqSHKmjSo6VbJd9jci', '2023-02-07 14:18:10', '2023-02-07 14:18:10'),
(19, 'Alonso', 'Sanches', 'https://randomuser.me/api/portraits/men/28.jpg', 'delatorre.walter@ig.com.br', '$2y$10$k/LEfhvZkapjSsrCrEMAuuYM2UGMo0hhQMN8Pd4fz38KStQe1ciia', '2023-02-07 14:18:11', '2023-02-07 14:18:11'),
(20, 'Filipe', 'Aranda', 'https://randomuser.me/api/portraits/men/7.jpg', 'emanuelly.velasques@gmail.com', '$2y$10$y7wdMSeaBIg0ydKu9oFW4e6.nGJ1.EVZXRLzwEr/TEFnaWsu/9kOy', '2023-02-07 14:18:11', '2023-02-07 14:18:11'),
(21, 'Cristiano', 'Bezerra', 'https://randomuser.me/api/portraits/men/12.jpg', 'padilha.rayane@cordeiro.com', '$2y$10$WyMuDs0sArIkaabgVUdr8ODg72f.y.P789gfDJ/RVmGWgXOv/wi.u', '2023-02-07 14:18:11', '2023-02-07 14:18:11'),
(22, 'Saulo', 'Beltrão', 'https://randomuser.me/api/portraits/men/89.jpg', 'fonseca.sarah@zamana.net.br', '$2y$10$NRYi7BKhkO1cOu6jSTfMi.nUaxp6KBbPS0VDxX2.NL.RTtfR7p4S6', '2023-02-07 14:18:11', '2023-02-07 14:18:11'),
(23, 'Eric', 'Casanova', 'https://randomuser.me/api/portraits/men/35.jpg', 'jdeoliveira@hotmail.com', '$2y$10$EvxxLWd.4AAhc0zx2D3ebOmdGHmuVqnYeZZPRgtTAwNHxpXaJUB4a', '2023-02-07 14:18:11', '2023-02-07 14:18:11'),
(24, 'Teobaldo', 'das Neves', 'https://randomuser.me/api/portraits/men/31.jpg', 'lia16@gmail.com', '$2y$10$/pmerTd4bPyPDq80i26bZ.Hi/Q1NEZ4TYKftO7uIUVAXjcDGnLvCa', '2023-02-07 14:18:11', '2023-02-07 14:18:11'),
(25, 'Igor', 'Valdez', 'https://randomuser.me/api/portraits/men/8.jpg', 'valentin.queiros@zamana.com', '$2y$10$0a3aDyYw9EVCCoKj66aYJeqc0JcmQpFgQTSKgIehHw1lLc6CBj1M.', '2023-02-07 14:18:11', '2023-02-07 14:18:11'),
(26, 'Kevin', 'da Rosa', 'https://randomuser.me/api/portraits/men/88.jpg', 'william.verdugo@gmail.com', '$2y$10$pyrya9k5lhEe3f12V99eNexnibeyRmBVNKiIHqt/QTIIEP2mQL3y2', '2023-02-07 14:18:11', '2023-02-07 14:18:11'),
(27, 'Fabiano', 'Saito', 'https://randomuser.me/api/portraits/men/37.jpg', 'jimenes.hugo@terra.com.br', '$2y$10$GMow5wdu97OGc6ItwJybZ.VZbKEZBKb2ibf1cm7FP7hsGIrHaMURi', '2023-02-07 14:18:11', '2023-02-07 14:18:11'),
(28, 'Emerson', 'Verdara', 'https://randomuser.me/api/portraits/men/69.jpg', 'icaro14@brito.org', '$2y$10$H4.QN8zDq9B52tNhniI28emi0Gcqs.1FdDG3hdk7roWJp2ooeO06m', '2023-02-07 14:18:11', '2023-02-07 14:18:11'),
(29, 'Mateus', 'Espinoza', 'https://randomuser.me/api/portraits/men/15.jpg', 'icaro34@rodrigues.com', '$2y$10$/Uv0Frm6a2qCp1SNqAhhO.Z5sLsjkHEiRxAeCCk8CdtIWZqDIGGZS', '2023-02-07 14:18:11', '2023-02-07 14:18:11'),
(30, 'Paulo', 'Cervantes', 'https://randomuser.me/api/portraits/men/5.jpg', 'ohana.pedrosa@ig.com.br', '$2y$10$/fUC.rJxoeusQDaUKRoKmuTqsIIpIyku4neCW.ORVpRz71LLooGfq', '2023-02-07 14:18:11', '2023-02-07 14:18:11'),
(31, 'Jonas', 'da Cruz', 'https://randomuser.me/api/portraits/men/22.jpg', 'fatima04@lozano.br', '$2y$10$2HJXntJFZ9ZGNUJ1rwe8AeB0r3ldmWr4WgwMQdsFXMj.F7zlyz9cO', '2023-02-07 14:18:11', '2023-02-07 14:18:11'),
(32, 'Demian', 'Ferreira', 'https://randomuser.me/api/portraits/men/71.jpg', 'grego.diogo@terra.com.br', '$2y$10$nD6JX4QZtW3ZLEgAWpg0z.YV90tGGjtCwhSRKyF17EP.ijzB1LdvC', '2023-02-07 14:18:11', '2023-02-07 14:18:11'),
(33, 'Nicolas', 'Alcantara', 'https://randomuser.me/api/portraits/men/33.jpg', 'userra@vale.br', '$2y$10$A2ycF2tuzLqS.0P.ybuCx./AtyuRp28vO4Q/UJUsVTqJsI/gnLTcS', '2023-02-07 14:18:11', '2023-02-07 14:18:11'),
(34, 'Kléber', 'D\'ávila', 'https://randomuser.me/api/portraits/men/88.jpg', 'dpacheco@beltrao.br', '$2y$10$MRAZ5unkZWlumRj8zzlbtOgxIai3txVuEm4PHG5G2MRGTh//Ze1su', '2023-02-07 14:18:11', '2023-02-07 14:18:11'),
(35, 'Ian', 'Batista', 'https://randomuser.me/api/portraits/men/18.jpg', 'vieira.lia@hotmail.com', '$2y$10$1.O2yZ3weSEN2nIkkkuSD.7sqZ0fGWRJyZ.u2AfL/xl88CxM0Bztu', '2023-02-07 14:18:11', '2023-02-07 14:18:11'),
(36, 'Teobaldo', 'Neves', 'https://randomuser.me/api/portraits/men/31.jpg', 'thomas77@neves.org', '$2y$10$3ITGIslTKKjaDFxOefNIFOPK5zWWJwN/BdRKhrJ9YWhIOcpuRc2si', '2023-02-07 14:18:11', '2023-02-07 14:18:11'),
(37, 'Gustavo', 'Paes', 'https://randomuser.me/api/portraits/men/31.jpg', 'poliana.montenegro@delatorre.org', '$2y$10$Ju2OAfZDVCzgPn1vAiO5qOFI0aHVO/gkBV4Mv38JoKGfU8i/Y3GJW', '2023-02-07 14:18:11', '2023-02-07 14:18:11'),
(38, 'Wilson', 'Pereira', 'https://randomuser.me/api/portraits/men/53.jpg', 'ornela05@uol.com.br', '$2y$10$7CmG5M4r.fN6BjL5KGRyj.ZTpBrTXfhj4yXc1dIkbbJVVnLrvAsCu', '2023-02-07 14:18:11', '2023-02-07 14:18:11'),
(39, 'Mauro', 'Teles', 'https://randomuser.me/api/portraits/men/86.jpg', 'heitor.zambrano@zambrano.com', '$2y$10$vv6NSO54nONZeNolvgthV.NwSPtsyp8/muiR2oKsSqFVY38ouSk7i', '2023-02-07 14:18:12', '2023-02-07 14:18:12'),
(40, 'Felipe', 'Rivera', 'https://randomuser.me/api/portraits/men/5.jpg', 'michelle04@hotmail.com', '$2y$10$P.w7zPNmcrgmuUmuSAYg1.cC7HmHZwp4ZxMNkRdhTfmIoP1pq26rC', '2023-02-07 14:18:12', '2023-02-07 14:18:12'),
(41, 'Kauan', 'Queirós', 'https://randomuser.me/api/portraits/men/75.jpg', 'velasques.filipe@lovato.com.br', '$2y$10$iwRy/O8PKeoNNRHX5Ju4rOlPg3QYRziH2fC45TsJ704lu6WyyOky.', '2023-02-07 14:18:12', '2023-02-07 14:18:12'),
(42, 'Emanuel', 'Matos', 'https://randomuser.me/api/portraits/men/72.jpg', 'vicente.salas@uol.com.br', '$2y$10$gqk4pzhddH/ezMwSdx0j5OUMHBnaDup/2SgTMg6KAfjamYG9CpFZq', '2023-02-07 14:18:12', '2023-02-07 14:18:12'),
(43, 'João', 'Ortiz', 'https://randomuser.me/api/portraits/men/62.jpg', 'stefany59@yahoo.com', '$2y$10$2tK2KqVi09xqMmpQmJtfYOinj/RqRi.Oi0QnlZ9JKYr92QxKICh/G', '2023-02-07 14:18:12', '2023-02-07 14:18:12'),
(44, 'Ícaro', 'Serrano', 'https://randomuser.me/api/portraits/men/22.jpg', 'vassuncao@terra.com.br', '$2y$10$MYmxkPxdjTyr3tU5xpmr9.qYTcY.JqNewHWaX4.b9Z1VJxv4bYSym', '2023-02-07 14:18:12', '2023-02-07 14:18:12'),
(45, 'Matias', 'Colaço', 'https://randomuser.me/api/portraits/men/15.jpg', 'mari.quintana@hotmail.com', '$2y$10$sW2h6kmx/qWGjJLu4YuCYuUe5bRiy6ZmQ1r8zSMoMHQqKSqiXa.c6', '2023-02-07 14:18:12', '2023-02-07 14:18:12'),
(46, 'Enzo', 'Vasques', 'https://randomuser.me/api/portraits/men/57.jpg', 'burgos.joaquin@uol.com.br', '$2y$10$B2OvjtAkFdl4nTqRUNgV0eBZ9ZUUT1w1W6cUo/JFxwEM8mFZcO6Oi', '2023-02-07 14:18:12', '2023-02-07 14:18:12'),
(47, 'Saulo', 'Galhardo', 'https://randomuser.me/api/portraits/men/40.jpg', 'joana.azevedo@gmail.com', '$2y$10$TmAlAS5J0jdA1tTz5fJAC.7sG9ShwOmMg/463l/pVloWz0PptJTDy', '2023-02-07 14:18:12', '2023-02-07 14:18:12'),
(48, 'Michael', 'Galvão', 'https://randomuser.me/api/portraits/men/7.jpg', 'rogerio31@terra.com.br', '$2y$10$woDkn7.Cp0WGkXtufFudSeGQ1OeuhLszAIpH4CV9DjapbxTd/hr.G', '2023-02-07 14:18:12', '2023-02-07 14:18:12'),
(49, 'Allan', 'Galindo', 'https://randomuser.me/api/portraits/men/80.jpg', 'saulo.salgado@godoi.com.br', '$2y$10$7iY7R7FKQ7RMUwL9eCBXQ.ptfPbYmyZDdkTxItfWXNZbtHbZvHqcy', '2023-02-07 14:18:12', '2023-02-07 14:18:12'),
(50, 'Deivid', 'Ortega', 'https://randomuser.me/api/portraits/men/4.jpg', 'arthur.serrano@uol.com.br', '$2y$10$1IFF2XSIfLSSRUQJb81H2eLEYY3ocsTfpt2R9AK1d/JnWv7IP9XE.', '2023-02-07 14:18:12', '2023-02-07 14:18:12'),
(51, 'Kevin', 'Cordeiro', 'https://randomuser.me/api/portraits/men/7.jpg', 'nsantiago@lutero.net.br', '$2y$10$8C6YhkQZObrQqSoIWhDIJu7DsBS/xR447Jlzkpx4oOSd8zLB.6HDm', '2023-02-07 14:18:12', '2023-02-07 14:18:12'),
(52, 'Giovane', 'Salgado', 'https://randomuser.me/api/portraits/men/14.jpg', 'vinicius.cervantes@jimenes.com.br', '$2y$10$yTRQ.7trLw69oMnoTzqQb.zvz3j7OfFQYOMjviFWjxRQHQ9Wdnpbu', '2023-02-07 14:18:12', '2023-02-07 14:18:12'),
(53, 'Anderson', 'Carrara', 'https://randomuser.me/api/portraits/men/66.jpg', 'ybeltrao@gmail.com', '$2y$10$ZGgcQC0WL3QS/VOW2WNgcO5xcXWagD3djKM9Z8z0/0e3g0jq46OMO', '2023-02-07 14:18:12', '2023-02-07 14:18:12'),
(54, 'Bruno', 'Aragão', 'https://randomuser.me/api/portraits/men/19.jpg', 'giovane.delgado@serna.com.br', '$2y$10$P76cx7f7J5zytcys14IVgOFmmHP5TjWAZo.h.u5u.uti2i.R/ssvO', '2023-02-07 14:18:12', '2023-02-07 14:18:12'),
(55, 'James', 'Serna', 'https://randomuser.me/api/portraits/men/34.jpg', 'claudia43@gmail.com', '$2y$10$xLLDJmTqqNHt5DEDJ1o93.5qMmV3cS/4UUrWFkZivmsYffERsTKAG', '2023-02-07 14:18:12', '2023-02-07 14:18:12'),
(56, 'Santiago', 'Fidalgo', 'https://randomuser.me/api/portraits/men/60.jpg', 'alessandra.madeira@lovato.org', '$2y$10$.n0LqHpw5ZtmuFGiJgq3vORTY59s99LsEEqcEh9H0k.vm5DkHUs2C', '2023-02-07 14:18:12', '2023-02-07 14:18:12'),
(57, 'Jácomo', 'Leal', 'https://randomuser.me/api/portraits/men/79.jpg', 'emily60@marques.com', '$2y$10$JJZZq2r4jZLTEavqpQ6teO246hlL3Pvy7J01urytrIDrX243Xn8.G', '2023-02-07 14:18:12', '2023-02-07 14:18:12'),
(58, 'Ricardo', 'Rangel', 'https://randomuser.me/api/portraits/men/5.jpg', 'jmares@galvao.com', '$2y$10$EFkSr4r9py.BhubUK.5USe1MbxPIEbN0XE5.Iiq4JAW74rkEM8bf.', '2023-02-07 14:18:12', '2023-02-07 14:18:12'),
(59, 'David', 'Faria', 'https://randomuser.me/api/portraits/men/24.jpg', 'kleber.torres@abreu.com', '$2y$10$8aCZVA8vEQNXK6.BbWwDJuN9SNzBosN/8XGcSYKd7FzSjrknCcoXm', '2023-02-07 14:18:13', '2023-02-07 14:18:13'),
(60, 'José', 'Aragão', 'https://randomuser.me/api/portraits/men/63.jpg', 'jlutero@hotmail.com', '$2y$10$AHMED47y2ogtlaqRcC8ixefU0c6hXTjF.IYIo2IlkAqx9xk0Yx.di', '2023-02-07 14:18:13', '2023-02-07 14:18:13'),
(61, 'Sergio', 'Guerra', 'https://randomuser.me/api/portraits/men/1.jpg', 'lara.rosa@uol.com.br', '$2y$10$ApBRwexVod3Ft4O3D7qaqezD4cUMc6ImI4.iGhxA37yPZtckWljrO', '2023-02-07 14:18:13', '2023-02-07 14:18:13'),
(62, 'Horácio', 'Bittencourt', 'https://randomuser.me/api/portraits/men/31.jpg', 'bmascarenhas@yahoo.com', '$2y$10$SPghfHqhto.oqY6eX1Mjn.S/JpAk1kVzmD4N0x15av7xNnqucyJge', '2023-02-07 14:18:13', '2023-02-07 14:18:13'),
(63, 'Gabriel', 'Barros', 'https://randomuser.me/api/portraits/men/18.jpg', 'henrique.sanches@gmail.com', '$2y$10$fiOZCzaGzgvMHYJPNv/afOHoRumhjpdV74jxlXGepcB7SdGCLvFd.', '2023-02-07 14:18:13', '2023-02-07 14:18:13'),
(64, 'Maximiano', 'Maia', 'https://randomuser.me/api/portraits/men/35.jpg', 'james55@yahoo.com', '$2y$10$k4wnE/83AXEX1iCQsYD6BO247FhhbY5F/9SXRV1j6f3ncrx.Q61n2', '2023-02-07 14:18:13', '2023-02-07 14:18:13'),
(65, 'Leandro', 'Matos', 'https://randomuser.me/api/portraits/men/87.jpg', 'edson13@uol.com.br', '$2y$10$ZLnjNwCAjQC0PlZ/Dq.pveczhw0KGqsrC/y1WMmqeuMBWNbAyg5Z6', '2023-02-07 14:18:13', '2023-02-07 14:18:13'),
(66, 'Dante', 'Branco', 'https://randomuser.me/api/portraits/men/85.jpg', 'emily52@uol.com.br', '$2y$10$RlP3ZPST9cmJjaT9yFfB/.xMOoEzk1Tf71dzAHaAhMIPy9m72V3eu', '2023-02-07 14:18:13', '2023-02-07 14:18:13'),
(67, 'Luis', 'Barreto', 'https://randomuser.me/api/portraits/men/31.jpg', 'claudio.soto@bezerra.net', '$2y$10$2WtQu6YwdT7xzvCaLEs3ouN.VqwGXRfkZji5OUi3D60YC/zs2JLGK', '2023-02-07 14:18:13', '2023-02-07 14:18:13'),
(68, 'Horácio', 'Deverso', 'https://randomuser.me/api/portraits/men/35.jpg', 'yestrada@sanches.com', '$2y$10$KlYZMBjmObgVa9RK9e83huEzu5zE/0jOhdfS9OUieC7uiSxUDFv9K', '2023-02-07 14:18:13', '2023-02-07 14:18:13'),
(69, 'Maurício', 'Sanches', 'https://randomuser.me/api/portraits/men/70.jpg', 'jdavila@mascarenhas.net', '$2y$10$CXH6lXZBxz4yZi0zls8csuAkJFkojOmjHZWnXQ62.fwUa05k7SsuO', '2023-02-07 14:18:13', '2023-02-07 14:18:13'),
(70, 'Ziraldo', 'Beltrão', 'https://randomuser.me/api/portraits/men/43.jpg', 'adelatorre@lira.org', '$2y$10$..6FL204kNv.OR0gJzOxvOLatFHcxcYJxrHorXjQVEGHFfvnbKiJ6', '2023-02-07 14:18:13', '2023-02-07 14:18:13'),
(71, 'Ítalo', 'Queirós', 'https://randomuser.me/api/portraits/men/55.jpg', 'serrano.aparecida@ig.com.br', '$2y$10$XrXjDa9F5nJYelZvZyrwWeUg7H8vjVFe4/qYtYA1KfRqZg6XvNUtu', '2023-02-07 14:18:13', '2023-02-07 14:18:13'),
(72, 'Victor', 'Zambrano', 'https://randomuser.me/api/portraits/men/28.jpg', 'inacio64@lourenco.com', '$2y$10$CYTx/OlgMooi0qRUM6.Gaep59l7vOUqyyi50liDEjCeSxvvn7yMcK', '2023-02-07 14:18:13', '2023-02-07 14:18:13'),
(73, 'Everton', 'Sandoval', 'https://randomuser.me/api/portraits/men/66.jpg', 'soares.heloise@branco.net.br', '$2y$10$kuJyuxLPyRpc/pPUOc.iO.WS4CwEiUKDJGnouuEsG4wFC5krT4sQ.', '2023-02-07 14:18:13', '2023-02-07 14:18:13'),
(74, 'Emílio', 'Garcia', 'https://randomuser.me/api/portraits/men/90.jpg', 'gverdugo@vasques.com', '$2y$10$R4glJhtXtVAGN4ACjuHAXu6rJc/50nkpbYPu2bmkndBAzfePKdsIa', '2023-02-07 14:18:13', '2023-02-07 14:18:13'),
(75, 'Jonas', 'Ferreira', 'https://randomuser.me/api/portraits/men/6.jpg', 'rbrito@sepulveda.net', '$2y$10$wb8TmARFU8xFKbA5Xrfo5.AgJ4Ia8AQ9DOsYpGUX3xxEQIkVIXIAq', '2023-02-07 14:18:13', '2023-02-07 14:18:13'),
(76, 'Diego', 'Maia', 'https://randomuser.me/api/portraits/men/60.jpg', 'demian.ortiz@santana.com.br', '$2y$10$hE/VZwlnYdt.gvMrQ5Cyc.pHK1SweCzgUSok/LWVxVzgAknXCprxa', '2023-02-07 14:18:13', '2023-02-07 14:18:13'),
(77, 'Arthur', 'Verdara', 'https://randomuser.me/api/portraits/men/45.jpg', 'chaves.alexandre@uol.com.br', '$2y$10$Sv.ose2aBjx5785oE6tivuWegr12tK16CX2eGXMpFA.2tw3hiKKaK', '2023-02-07 14:18:13', '2023-02-07 14:18:13'),
(78, 'Théo', 'Santana', 'https://randomuser.me/api/portraits/men/81.jpg', 'pmares@carmona.net.br', '$2y$10$crzKCCutojhxEzMAhmuJR.RdZ.LfOIkJJUegDNH79nO9Fsg4BJ.YO', '2023-02-07 14:18:14', '2023-02-07 14:18:14'),
(79, 'Murilo', 'Rezende', 'https://randomuser.me/api/portraits/men/19.jpg', 'dacruz.josue@uol.com.br', '$2y$10$Uz8GFg1CsS6KkUq2GWnD7uT7lB9.bs5lgQc2NWX0PoRnvKMXCT1p6', '2023-02-07 14:18:14', '2023-02-07 14:18:14'),
(80, 'Lorenzo', 'Reis', 'https://randomuser.me/api/portraits/men/8.jpg', 'kamila.rosa@espinoza.br', '$2y$10$D7AVqHFUpElTIB/IXvY/Ge7bS7zloB56qhnjaQUtGl3WFgfwZz8yK', '2023-02-07 14:18:14', '2023-02-07 14:18:14'),
(81, 'Guilherme', 'Santacruz', 'https://randomuser.me/api/portraits/men/23.jpg', 'andre.leal@gmail.com', '$2y$10$4Gz6McQpz9l2i.n8jKnJxeUk5B2OLZhjxgBJh4YLbXMCHrvs7PZ2O', '2023-02-07 14:18:14', '2023-02-07 14:18:14'),
(82, 'Breno', 'Godói', 'https://randomuser.me/api/portraits/men/69.jpg', 'alonso.alcantara@gmail.com', '$2y$10$HqQqTUqvF6eTV6XD1sq2aecDW5UzfzZsjMwGERWSscvsz.iTjF9WS', '2023-02-07 14:18:14', '2023-02-07 14:18:14'),
(83, 'Luan', 'das Neves', 'https://randomuser.me/api/portraits/men/24.jpg', 'garcia.sarah@r7.com', '$2y$10$NVD1neIQB0gT/2d8YBjm9eVxrYJShiQDc8ucP9by0tvoMB1Bcfuu6', '2023-02-07 14:18:14', '2023-02-07 14:18:14'),
(84, 'Maximiano', 'Serna', 'https://randomuser.me/api/portraits/men/33.jpg', 'elias.ferreira@delgado.br', '$2y$10$QmjbdhBoXsXKOfRxaLloIO/T9hzfnZdNS5XDqi28QppOc/1Y2HRCW', '2023-02-07 14:18:14', '2023-02-07 14:18:14'),
(85, 'Emiliano', 'Verdara', 'https://randomuser.me/api/portraits/men/53.jpg', 'daniele35@benites.com', '$2y$10$7.VmoS/O0LbfGI9cbtn/bOdle4qL7yGyZIxkCZ4RsEagjEAQRTYci', '2023-02-07 14:18:14', '2023-02-07 14:18:14'),
(86, 'Alessandro', 'Ferminiano', 'https://randomuser.me/api/portraits/men/24.jpg', 'soto.heloisa@sandoval.com', '$2y$10$tn1k2zILeD1Lpf/VVAOAxeDX8SztpQ9FpTUOuJAp51li9WZkoYAeO', '2023-02-07 14:18:14', '2023-02-07 14:18:14'),
(87, 'Ronaldo', 'Maia', 'https://randomuser.me/api/portraits/men/31.jpg', 'lutero.isis@uol.com.br', '$2y$10$euvNIQGOLql8OAYJuDWk.eYpXFi2vrLqUJaZu0PfMW5FCSaolwT/S', '2023-02-07 14:18:14', '2023-02-07 14:18:14'),
(88, 'Benício', 'Fonseca', 'https://randomuser.me/api/portraits/men/70.jpg', 'maia.paloma@pena.net', '$2y$10$JVdOf2ozkT27r5C9ueqBwuNO4uI6EPYGGl1cXt8tb3jpiJ3RMSXEK', '2023-02-07 14:18:14', '2023-02-07 14:18:14'),
(89, 'Giovane', 'Quintana', 'https://randomuser.me/api/portraits/men/33.jpg', 'flavia68@faro.br', '$2y$10$7KOlyQLkRXfo5Sa9IAfhzeAfYcQZKS3pQ8zkxZbqFYoabQ7/XQQVW', '2023-02-07 14:18:14', '2023-02-07 14:18:14'),
(90, 'Moisés', 'Balestero', 'https://randomuser.me/api/portraits/men/85.jpg', 'darosa.nelson@queiros.com.br', '$2y$10$6Og5H0nfEmSeRnZu6saTW.7vBzzP2snVWOaDoYiihfzOPcgfquCyS', '2023-02-07 14:18:14', '2023-02-07 14:18:14'),
(91, 'Lorenzo', 'Bezerra', 'https://randomuser.me/api/portraits/men/41.jpg', 'vieira.constancia@molina.com.br', '$2y$10$zkhgWOb1pc3KjCF0Yg9wNOO2rfWeBQk7R9iGV5RmO0MQFgzEPXXia', '2023-02-07 14:18:14', '2023-02-07 14:18:14'),
(92, 'Kléber', 'Salazar', 'https://randomuser.me/api/portraits/men/59.jpg', 'theo74@r7.com', '$2y$10$HlWC/VIFMgwCpkpy6xCq3uPbLs08t6v8lF1szf/Xan3ivj3oCUPtS', '2023-02-07 14:18:14', '2023-02-07 14:18:14'),
(93, 'Jonas', 'Padilha', 'https://randomuser.me/api/portraits/men/89.jpg', 'xlutero@godoi.org', '$2y$10$icGTrQTL/RwFDgFXCIaZhe/2ekOoNsVAEjirOkbv7e7RxlkUB5JmK', '2023-02-07 14:18:14', '2023-02-07 14:18:14'),
(94, 'José', 'Delgado', 'https://randomuser.me/api/portraits/men/41.jpg', 'duarte.giovane@serra.com.br', '$2y$10$RV.UUVKgaDetp0M1w09fNOOCLGfP/ZSSSt74lqNV0j6xFETeHIDmq', '2023-02-07 14:18:14', '2023-02-07 14:18:14'),
(95, 'Leandro', 'Domingues', 'https://randomuser.me/api/portraits/men/80.jpg', 'espinoza.emanuel@santana.net.br', '$2y$10$mBVBhE5cLrr79Uiw8Ztehu1XIih7pDj5OFUnLeVR228qZP38l0idy', '2023-02-07 14:18:14', '2023-02-07 14:18:14'),
(96, 'Arthur', 'Martines', 'https://randomuser.me/api/portraits/men/23.jpg', 'qbalestero@delgado.com.br', '$2y$10$TaKysBuPYX5/IigCllMF/O1fN3OEXeDg47gi6QjbIjWHRatLfK0nC', '2023-02-07 14:18:14', '2023-02-07 14:18:14'),
(97, 'Eduardo', 'Sales', 'https://randomuser.me/api/portraits/men/43.jpg', 'cdelgado@grego.org', '$2y$10$Dg.GGflEhk8Wx82ESVtElOpyYlY0VRLnX3LgHZSB13jo.wDk1CKfe', '2023-02-07 14:18:14', '2023-02-07 14:18:14'),
(98, 'Anderson', 'Amaral', 'https://randomuser.me/api/portraits/men/55.jpg', 'manuela.aguiar@pedrosa.net.br', '$2y$10$x.kJ20wxZQI0EklHFdDrH.F7On4UVHM2SijjLbfOc5phLI7wOjwSa', '2023-02-07 14:18:15', '2023-02-07 14:18:15'),
(99, 'Flávio', 'Solano', 'https://randomuser.me/api/portraits/men/22.jpg', 'corona.raysa@ig.com.br', '$2y$10$tgh5yYVY3UmKMrovKeYqoOPUV80uyfvMqseVdbjsfYEKYxUrIWRMq', '2023-02-07 14:18:15', '2023-02-07 14:18:15'),
(100, 'Caio', 'Garcia', 'https://randomuser.me/api/portraits/men/45.jpg', 'breno04@r7.com', '$2y$10$wjQSOtkv1vl/yAFvI70jv.Isz50/pDND/zZTOOEAg.S5TdLI2IJ4i', '2023-02-07 14:18:15', '2023-02-07 14:18:15');


/*!40101 SET SQL_MODE=@OLD_SQL_MODE */;
/*!40014 SET FOREIGN_KEY_CHECKS=@OLD_FOREIGN_KEY_CHECKS */;
/*!40014 SET UNIQUE_CHECKS=@OLD_UNIQUE_CHECKS */;
/*!40101 SET CHARACTER_SET_CLIENT=@OLD_CHARACTER_SET_CLIENT */;
/*!40101 SET CHARACTER_SET_RESULTS=@OLD_CHARACTER_SET_RESULTS */;
/*!40101 SET COLLATION_CONNECTION=@OLD_COLLATION_CONNECTION */;
/*!40111 SET SQL_NOTES=@OLD_SQL_NOTES */;