/*!40101 SET @OLD_CHARACTER_SET_CLIENT=@@CHARACTER_SET_CLIENT */;
/*!40101 SET @OLD_CHARACTER_SET_RESULTS=@@CHARACTER_SET_RESULTS */;
/*!40101 SET @OLD_COLLATION_CONNECTION=@@COLLATION_CONNECTION */;
/*!40101 SET NAMES utf8mb4 */;
/*!40014 SET @OLD_UNIQUE_CHECKS=@@UNIQUE_CHECKS, UNIQUE_CHECKS=0 */;
/*!40014 SET @OLD_FOREIGN_KEY_CHECKS=@@FOREIGN_KEY_CHECKS, FOREIGN_KEY_CHECKS=0 */;
/*!40101 SET @OLD_SQL_MODE=@@SQL_MODE, SQL_MODE='NO_AUTO_VALUE_ON_ZERO' */;
/*!40111 SET @OLD_SQL_NOTES=@@SQL_NOTES, SQL_NOTES=0 */;

DROP TABLE IF EXISTS `categories`;
CREATE TABLE `categories` (
  `id` int unsigned NOT NULL AUTO_INCREMENT,
  `name` varchar(100) NOT NULL,
  `slug` varchar(100) NOT NULL,
  `created_at` timestamp NOT NULL DEFAULT CURRENT_TIMESTAMP,
  `updated_at` timestamp NOT NULL DEFAULT CURRENT_TIMESTAMP ON UPDATE CURRENT_TIMESTAMP,
  PRIMARY KEY (`id`)
) ENGINE=InnoDB AUTO_INCREMENT=11 DEFAULT CHARSET=utf8mb3;

DROP TABLE IF EXISTS `comments`;
CREATE TABLE `comments` (
  `id` int unsigned NOT NULL AUTO_INCREMENT,
  `user_id` int unsigned NOT NULL,
  `post_id` int unsigned NOT NULL,
  `comment` text NOT NULL,
  `created_at` timestamp NOT NULL DEFAULT CURRENT_TIMESTAMP,
  `updated_at` timestamp NOT NULL DEFAULT CURRENT_TIMESTAMP ON UPDATE CURRENT_TIMESTAMP,
  PRIMARY KEY (`id`),
  KEY `comments_user_id_foreign` (`user_id`),
  KEY `comments_post_id_foreign` (`post_id`),
  CONSTRAINT `comments_post_id_foreign` FOREIGN KEY (`post_id`) REFERENCES `posts` (`id`) ON DELETE CASCADE,
  CONSTRAINT `comments_user_id_foreign` FOREIGN KEY (`user_id`) REFERENCES `users` (`id`) ON DELETE CASCADE
) ENGINE=InnoDB AUTO_INCREMENT=101 DEFAULT CHARSET=utf8mb3;

DROP TABLE IF EXISTS `migrations`;
CREATE TABLE `migrations` (
  `id` bigint unsigned NOT NULL AUTO_INCREMENT,
  `version` varchar(255) NOT NULL,
  `class` varchar(255) NOT NULL,
  `group` varchar(255) NOT NULL,
  `namespace` varchar(255) NOT NULL,
  `time` int NOT NULL,
  `batch` int unsigned NOT NULL,
  PRIMARY KEY (`id`)
) ENGINE=InnoDB AUTO_INCREMENT=78 DEFAULT CHARSET=utf8mb3;

DROP TABLE IF EXISTS `posts`;
CREATE TABLE `posts` (
  `id` int unsigned NOT NULL AUTO_INCREMENT,
  `user_id` int unsigned NOT NULL,
  `category_id` int unsigned NOT NULL,
  `title` varchar(100) NOT NULL,
  `slug` varchar(255) NOT NULL,
  `visits` int NOT NULL DEFAULT '0',
  `image` varchar(255) DEFAULT NULL,
  `description` text NOT NULL,
  `created_at` timestamp NOT NULL DEFAULT CURRENT_TIMESTAMP,
  `updated_at` timestamp NOT NULL DEFAULT CURRENT_TIMESTAMP ON UPDATE CURRENT_TIMESTAMP,
  PRIMARY KEY (`id`),
  KEY `posts_user_id_foreign` (`user_id`),
  KEY `posts_category_id_foreign` (`category_id`),
  CONSTRAINT `posts_category_id_foreign` FOREIGN KEY (`category_id`) REFERENCES `categories` (`id`) ON DELETE CASCADE,
  CONSTRAINT `posts_user_id_foreign` FOREIGN KEY (`user_id`) REFERENCES `users` (`id`) ON DELETE CASCADE
) ENGINE=InnoDB AUTO_INCREMENT=101 DEFAULT CHARSET=utf8mb3;

DROP TABLE IF EXISTS `replies`;
CREATE TABLE `replies` (
  `id` int unsigned NOT NULL AUTO_INCREMENT,
  `user_id` int unsigned NOT NULL,
  `comment_id` int unsigned NOT NULL,
  `comment` text NOT NULL,
  `created_at` timestamp NOT NULL DEFAULT CURRENT_TIMESTAMP,
  `updated_at` timestamp NOT NULL DEFAULT CURRENT_TIMESTAMP ON UPDATE CURRENT_TIMESTAMP,
  PRIMARY KEY (`id`),
  KEY `replies_user_id_foreign` (`user_id`),
  KEY `replies_comment_id_foreign` (`comment_id`),
  CONSTRAINT `replies_comment_id_foreign` FOREIGN KEY (`comment_id`) REFERENCES `comments` (`id`) ON DELETE CASCADE,
  CONSTRAINT `replies_user_id_foreign` FOREIGN KEY (`user_id`) REFERENCES `users` (`id`) ON DELETE CASCADE
) ENGINE=InnoDB AUTO_INCREMENT=126 DEFAULT CHARSET=utf8mb3;

DROP TABLE IF EXISTS `users`;
CREATE TABLE `users` (
  `id` int unsigned NOT NULL AUTO_INCREMENT,
  `firstName` varchar(100) NOT NULL,
  `lastName` varchar(100) NOT NULL,
  `image` varchar(100) DEFAULT NULL,
  `email` varchar(100) NOT NULL,
  `password` varchar(255) NOT NULL,
  `created_at` timestamp NOT NULL DEFAULT CURRENT_TIMESTAMP,
  `updated_at` timestamp NOT NULL DEFAULT CURRENT_TIMESTAMP ON UPDATE CURRENT_TIMESTAMP,
  PRIMARY KEY (`id`),
  UNIQUE KEY `email` (`email`)
) ENGINE=InnoDB AUTO_INCREMENT=101 DEFAULT CHARSET=utf8mb3;

INSERT INTO `categories` (`id`, `name`, `slug`, `created_at`, `updated_at`) VALUES
(1, 'Hautes-Alpes', 'hautes-alpes', '2023-02-15 18:48:37', '2023-02-15 18:48:37');
INSERT INTO `categories` (`id`, `name`, `slug`, `created_at`, `updated_at`) VALUES
(2, 'Bouches-du-Rhône', 'bouches-du-rhône', '2023-02-15 18:48:37', '2023-02-15 18:48:37');
INSERT INTO `categories` (`id`, `name`, `slug`, `created_at`, `updated_at`) VALUES
(3, 'Sarthe', 'sarthe', '2023-02-15 18:48:37', '2023-02-15 18:48:37');
INSERT INTO `categories` (`id`, `name`, `slug`, `created_at`, `updated_at`) VALUES
(4, 'Aube', 'aube', '2023-02-15 18:48:37', '2023-02-15 18:48:37'),
(5, 'Hérault', 'hérault', '2023-02-15 18:48:37', '2023-02-15 18:48:37'),
(6, 'Creuse', 'creuse', '2023-02-15 18:48:37', '2023-02-15 18:48:37'),
(7, 'Var', 'var', '2023-02-15 18:48:37', '2023-02-15 18:48:37'),
(8, 'Drôme', 'drôme', '2023-02-15 18:48:37', '2023-02-15 18:48:37'),
(9, 'Loiret', 'loiret', '2023-02-15 18:48:37', '2023-02-15 18:48:37'),
(10, 'Pas-de-Calais', 'pas-de-calais', '2023-02-15 18:48:37', '2023-02-15 18:48:37');

INSERT INTO `comments` (`id`, `user_id`, `post_id`, `comment`, `created_at`, `updated_at`) VALUES
(1, 60, 98, 'Dolorem numquam quas pariatur assumenda velit qui. Dicta id unde modi voluptatem est dignissimos. Aut sint fugit cumque saepe provident.', '2023-02-15 18:48:37', '2023-02-15 18:48:37');
INSERT INTO `comments` (`id`, `user_id`, `post_id`, `comment`, `created_at`, `updated_at`) VALUES
(2, 1, 8, 'Ex facilis placeat ut dicta mollitia itaque. Aut quia perspiciatis quia laboriosam et. Nisi aspernatur iusto hic. Placeat tenetur odit culpa ad officia nobis et aut.', '2023-02-15 18:48:37', '2023-02-15 18:48:37');
INSERT INTO `comments` (`id`, `user_id`, `post_id`, `comment`, `created_at`, `updated_at`) VALUES
(3, 15, 86, 'Asperiores eum et perferendis sequi sit facilis velit. Voluptatibus ducimus rerum commodi qui quo. Officiis tempore quisquam occaecati ea voluptatem corporis delectus.', '2023-02-15 18:48:37', '2023-02-15 18:48:37');
INSERT INTO `comments` (`id`, `user_id`, `post_id`, `comment`, `created_at`, `updated_at`) VALUES
(4, 80, 17, 'Ut consectetur blanditiis qui quisquam. Eaque dolorum vel esse nisi illum. Est rem quas tempora blanditiis eum atque. Et fuga excepturi nulla non dolorem.', '2023-02-15 18:48:37', '2023-02-15 18:48:37'),
(5, 98, 97, 'Dolores quidem perspiciatis quidem possimus vitae consequatur. Id sit minus quia accusamus qui et quaerat delectus. Sed dicta tempore consequatur quod consequatur in quasi. Et architecto sapiente et totam.', '2023-02-15 18:48:37', '2023-02-15 18:48:37'),
(6, 56, 28, 'Debitis illo non culpa perferendis maxime quos. Nostrum aut adipisci voluptate quis ipsam expedita. Et molestiae qui praesentium. Voluptatum possimus dolorum necessitatibus omnis consequatur autem.', '2023-02-15 18:48:37', '2023-02-15 18:48:37'),
(7, 96, 37, 'Dolores enim dolorem nobis praesentium debitis. Ut corrupti consequatur vel inventore. Iste veniam adipisci eum eius. Et nisi qui accusamus dolores id ut voluptatem.', '2023-02-15 18:48:37', '2023-02-15 18:48:37'),
(8, 11, 78, 'Necessitatibus voluptatibus aut necessitatibus illum provident sequi ducimus explicabo. Distinctio officiis est iusto ducimus enim officia dolores. Magni laudantium et nihil est. Soluta eos assumenda veritatis deserunt necessitatibus.', '2023-02-15 18:48:37', '2023-02-15 18:48:37'),
(9, 67, 87, 'Sit perspiciatis et ex rerum porro veniam doloremque. Et atque vel sed voluptatibus. Voluptatum quia eaque corrupti ea. Fugiat qui iste sit pariatur eius est deserunt.', '2023-02-15 18:48:37', '2023-02-15 18:48:37'),
(10, 79, 47, 'Impedit tenetur et tenetur commodi nostrum amet rerum. Cum nostrum repudiandae ad ab voluptatem. Dicta et quidem voluptatem tempore qui.', '2023-02-15 18:48:37', '2023-02-15 18:48:37'),
(11, 44, 83, 'Id voluptatum commodi perspiciatis odit ullam cumque hic hic. Non excepturi accusantium a tempore voluptatem non. Tempore minima sunt quisquam assumenda et ea totam. Sunt qui magni ipsam placeat dicta optio voluptate.', '2023-02-15 18:48:37', '2023-02-15 18:48:37'),
(12, 20, 97, 'Qui optio id inventore aut et unde sequi. Non nostrum quia vel ducimus ea similique. Enim in quo aliquid ipsam modi accusantium cum nulla.', '2023-02-15 18:48:37', '2023-02-15 18:48:37'),
(13, 8, 21, 'At nam illum qui nesciunt. Cum at dolorem dicta sit voluptatem. Velit voluptatem et totam possimus alias illum. Voluptas sed vitae accusamus fugiat ab ut.', '2023-02-15 18:48:37', '2023-02-15 18:48:37'),
(14, 18, 79, 'Voluptatem odio fugiat inventore iure. Repellendus optio et omnis modi consequatur quae eum magnam. Nobis numquam libero debitis. Consectetur ipsa quaerat ut tempora qui ea.', '2023-02-15 18:48:37', '2023-02-15 18:48:37'),
(15, 57, 95, 'Aut odio error reiciendis ut. Similique molestias eius vero sed. Quam consequatur ipsa aut quidem. Officiis eveniet odio consequatur quia. Quisquam a nam quis aliquid dolores distinctio.', '2023-02-15 18:48:37', '2023-02-15 18:48:37'),
(16, 2, 100, 'Velit tempore quo alias repellat. Itaque quidem et explicabo cumque saepe molestiae. Enim minus modi quaerat eveniet et autem laborum voluptatem. Architecto et ea est iusto omnis est at.', '2023-02-15 18:48:37', '2023-02-19 23:28:37'),
(17, 20, 21, 'Non voluptatum quis in ut sapiente. Eligendi eum harum est labore qui. Aut nesciunt vitae non et. Quaerat dolore fugiat rerum est molestias et.', '2023-02-15 18:48:37', '2023-02-15 18:48:37'),
(18, 4, 85, 'Sit quidem porro quam et. Quas ut facilis numquam sit accusantium et minima. Vel qui voluptatem eos sint nihil ut non quia. Optio illo laudantium enim architecto tempora eveniet quidem quisquam.', '2023-02-15 18:48:37', '2023-02-15 18:48:37'),
(19, 19, 94, 'Sed magni est omnis optio quasi aut vel. Explicabo aperiam est nihil aspernatur. Dicta aut esse ut reprehenderit et minima ipsam distinctio.', '2023-02-15 18:48:37', '2023-02-15 18:48:37'),
(20, 87, 39, 'Magni iusto nihil voluptas placeat debitis. Harum omnis suscipit non similique eos illo et. Velit et ut nobis ut possimus. Veritatis aut eum dolorem assumenda.', '2023-02-15 18:48:37', '2023-02-15 18:48:37'),
(21, 19, 89, 'Consequuntur natus id quis. Modi enim sit et aut. Blanditiis earum illum quis at. Sequi quas facilis dolores aut voluptatibus ut corporis.', '2023-02-15 18:48:37', '2023-02-15 18:48:37'),
(22, 53, 57, 'Distinctio vitae quos quaerat nulla in officiis. Quae dolor qui reprehenderit et ut ab distinctio. Quos accusamus repellendus et sit earum praesentium.', '2023-02-15 18:48:37', '2023-02-15 18:48:37'),
(23, 6, 25, 'Quam omnis quis et dicta totam. Incidunt in ullam et beatae. Facere ipsum modi accusantium. Eius velit optio totam eaque.', '2023-02-15 18:48:37', '2023-02-15 18:48:37'),
(24, 70, 39, 'Pariatur rem in eligendi quisquam. Nesciunt adipisci aut repellendus quis ipsum error est. Earum sit qui provident corporis reprehenderit. Minus nulla autem cumque repellat.', '2023-02-15 18:48:37', '2023-02-15 18:48:37'),
(25, 46, 40, 'Omnis quam iste nihil vero molestiae consequuntur enim architecto. Minus quidem id repellendus temporibus. Omnis ut perspiciatis illum aut unde iusto quo.', '2023-02-15 18:48:37', '2023-02-15 18:48:37'),
(26, 13, 93, 'Voluptatum est qui soluta soluta culpa ut ipsum. Dicta omnis et dicta animi voluptas doloremque dolor. Rerum totam aliquam ipsa at quasi ut. Aut rerum cum officiis est sed minus omnis perferendis.', '2023-02-15 18:48:37', '2023-02-15 18:48:37'),
(27, 27, 70, 'Sed odio debitis aspernatur laudantium et ut. Et voluptatem id velit inventore omnis odio sit. Saepe dolorum aperiam cumque sed nam deleniti qui. Et rem repellendus nostrum ut ut.', '2023-02-15 18:48:37', '2023-02-15 18:48:37'),
(28, 29, 28, 'In aut dolorem a. Sunt enim voluptatem commodi quia et esse. Sit aut deleniti qui ullam rem.', '2023-02-15 18:48:37', '2023-02-15 18:48:37'),
(29, 6, 46, 'Vitae velit repellat dolores. Repellat enim magnam at et et. Aut voluptatem ullam qui aliquid in molestias. Explicabo ut nostrum qui fugiat.', '2023-02-15 18:48:37', '2023-02-15 18:48:37'),
(30, 90, 49, 'Velit doloribus est in at iure earum. In reiciendis vitae tempore sint et aut illo. Exercitationem molestias non tenetur eum accusantium. Aut quis aut similique non voluptatem.', '2023-02-15 18:48:37', '2023-02-15 18:48:37'),
(31, 35, 61, 'Delectus ut sunt sed harum quo deleniti. Consequatur dolores sed consequatur fugit sed. Dolores nam eligendi nobis et ex porro assumenda.', '2023-02-15 18:48:37', '2023-02-15 18:48:37'),
(32, 21, 21, 'Laborum voluptatibus est iure saepe dignissimos ipsum. Ducimus nam et sint consequuntur alias eius architecto ut. In corporis porro iure nesciunt delectus eum voluptatem.', '2023-02-15 18:48:37', '2023-02-15 18:48:37'),
(33, 99, 71, 'Aut eum ratione quia sed qui et quod. Dolorem quam optio veniam esse. Architecto veniam similique dolorem voluptatem.', '2023-02-15 18:48:37', '2023-02-15 18:48:37'),
(34, 100, 66, 'Sint placeat tenetur vel cupiditate numquam. Quia vel labore ab consequatur est consequuntur explicabo. Eligendi unde molestiae animi possimus.', '2023-02-15 18:48:37', '2023-02-15 18:48:37'),
(35, 89, 40, 'Consequuntur cupiditate qui beatae aliquam consequatur est. Adipisci voluptatem vero aspernatur harum fugit. Officiis delectus velit voluptates nulla. Quia perferendis et error quis.', '2023-02-15 18:48:37', '2023-02-15 18:48:37'),
(36, 33, 17, 'Sint corporis atque reprehenderit quod odit vel. Et doloribus ut ipsa quis culpa dolores. Eos perspiciatis deserunt placeat nesciunt quo voluptatem sed.', '2023-02-15 18:48:37', '2023-02-15 18:48:37'),
(37, 19, 5, 'Id illum voluptatem dolor consequatur itaque consectetur quis sed. Quam sit error voluptas. Laboriosam dolor nobis eligendi et omnis explicabo illum.', '2023-02-15 18:48:37', '2023-02-15 18:48:37'),
(38, 25, 23, 'Asperiores officia harum distinctio sed quasi ut et. A quaerat accusantium sed sint ad. Molestiae libero tenetur accusantium quo vitae et.', '2023-02-15 18:48:37', '2023-02-15 18:48:37'),
(39, 67, 7, 'Debitis rerum qui et earum ex eligendi. Alias perspiciatis totam consequatur quam dignissimos commodi. Similique est eos quam ratione deleniti unde.', '2023-02-15 18:48:37', '2023-02-15 18:48:37'),
(40, 23, 29, 'Aperiam veritatis omnis eos reprehenderit quidem. Dolore vitae ut laudantium recusandae et ipsam. Cumque ea animi provident similique.', '2023-02-15 18:48:37', '2023-02-15 18:48:37'),
(41, 24, 54, 'Est tempore sed enim. Ratione recusandae laudantium recusandae temporibus ratione totam pariatur. Nihil velit doloremque consequatur itaque id qui. Velit omnis voluptas excepturi qui.', '2023-02-15 18:48:37', '2023-02-15 18:48:37'),
(42, 52, 95, 'Nihil quam libero id vero nostrum est non quasi. Quia tempora non molestiae sunt consectetur voluptas delectus. Ex expedita et qui sint.', '2023-02-15 18:48:37', '2023-02-15 18:48:37'),
(43, 88, 45, 'Quia dolores eum reiciendis possimus occaecati qui qui. Magni dolor omnis modi qui. Impedit id numquam saepe non.', '2023-02-15 18:48:37', '2023-02-15 18:48:37'),
(44, 93, 35, 'Soluta enim blanditiis suscipit illum vitae quas. Rem molestiae ratione dolores aperiam recusandae. Quia sequi illum officiis magnam sed.', '2023-02-15 18:48:37', '2023-02-15 18:48:37'),
(45, 37, 100, 'Possimus aut similique similique magnam quis facere repudiandae. Magnam excepturi omnis pariatur nam reiciendis. Dicta consequuntur sit qui blanditiis. Dicta dolor earum officia qui iste temporibus.', '2023-02-15 18:48:37', '2023-02-15 18:48:37'),
(46, 76, 54, 'Et quidem nobis atque beatae et perspiciatis. Dolor magni ea alias laudantium. Aut qui sed possimus a. Laboriosam ducimus neque aliquam et natus doloribus nihil.', '2023-02-15 18:48:37', '2023-02-15 18:48:37'),
(47, 41, 39, 'Illo quia cupiditate soluta perferendis nam et. Necessitatibus et exercitationem sapiente. Ab voluptatem ut architecto doloremque facilis perferendis.', '2023-02-15 18:48:37', '2023-02-15 18:48:37'),
(48, 7, 98, 'Omnis sit occaecati voluptate laudantium nihil a. Suscipit eum ut dignissimos expedita. Atque ducimus est aut necessitatibus quia. Quidem quod enim dolor et.', '2023-02-15 18:48:37', '2023-02-15 18:48:37'),
(49, 83, 52, 'Quos fugit natus et. Ratione dolorum et quas voluptas perspiciatis et eveniet. Libero odio id ipsam hic quia. Molestias libero iure a amet perferendis nobis.', '2023-02-15 18:48:37', '2023-02-15 18:48:37'),
(50, 76, 30, 'Molestias sequi consequatur consequuntur. Voluptates illo omnis ad voluptas et. Nam impedit corporis error quasi animi. Molestiae nobis corporis deleniti aut sequi.', '2023-02-15 18:48:37', '2023-02-15 18:48:37'),
(51, 68, 95, 'Rem quis voluptatibus magnam excepturi. Aut velit quas odit doloribus qui consequatur quia. Pariatur quia iste aut.', '2023-02-15 18:48:37', '2023-02-15 18:48:37'),
(52, 58, 82, 'Esse est cum sequi ea ex atque. Quae assumenda aliquam tenetur inventore laudantium dolorem dolore.', '2023-02-15 18:48:37', '2023-02-15 18:48:37'),
(53, 72, 70, 'Quisquam qui quis non dignissimos tenetur non totam nihil. Modi repudiandae iure dignissimos adipisci ut id animi. Perferendis qui qui temporibus illum voluptates pariatur recusandae. Et error quam perspiciatis ab.', '2023-02-15 18:48:37', '2023-02-15 18:48:37'),
(54, 52, 10, 'Maiores fugit earum dolores ea dignissimos delectus totam. Amet eaque aut non aut. Facilis adipisci accusamus vero ut in nulla.', '2023-02-15 18:48:37', '2023-02-15 18:48:37'),
(55, 97, 52, 'Rem aut doloribus est occaecati aperiam. Omnis iusto quia a.', '2023-02-15 18:48:37', '2023-02-15 18:48:37'),
(56, 21, 91, 'Officia id repellendus ut incidunt et rerum cumque. Nihil quasi ut et minus vel consequatur. Voluptatibus maiores fuga non perspiciatis.', '2023-02-15 18:48:37', '2023-02-15 18:48:37'),
(57, 89, 78, 'Ea sit tempora ipsam alias quidem vel. Quam voluptatem rerum aut eum ea occaecati. Ratione a reprehenderit repellendus consequuntur debitis quaerat. Voluptatem id autem sed illo debitis.', '2023-02-15 18:48:37', '2023-02-15 18:48:37'),
(58, 67, 27, 'Voluptas et sit iste sed enim adipisci. Tempora rem similique architecto iusto modi recusandae aut. Est quis sunt saepe nam vel voluptas.', '2023-02-15 18:48:37', '2023-02-15 18:48:37'),
(59, 93, 57, 'Perspiciatis eum laudantium aperiam similique asperiores ex placeat. Voluptatibus quam dolores ullam temporibus dicta labore. Itaque minima eos consequatur neque id et. Veritatis molestiae laborum et dicta aliquid dolorem nesciunt.', '2023-02-15 18:48:37', '2023-02-15 18:48:37'),
(60, 10, 79, 'Quis corporis iste hic sequi magnam. Aut dolor qui qui nemo itaque voluptas omnis. Accusamus et accusantium reiciendis voluptate maxime facere totam sit.', '2023-02-15 18:48:37', '2023-02-15 18:48:37'),
(61, 29, 70, 'Animi officiis sint doloremque tempore voluptatibus voluptatem qui ut. Natus blanditiis quo et quis quibusdam sit. Quae voluptas ullam ab incidunt esse. Ipsum et eos consequatur voluptatem laboriosam. Totam nobis autem animi et tempore error.', '2023-02-15 18:48:37', '2023-02-15 18:48:37'),
(62, 34, 48, 'Quaerat architecto ipsum consequatur non. Autem esse fugit et facilis velit. Omnis sunt nemo consectetur ullam ut magni suscipit.', '2023-02-15 18:48:37', '2023-02-15 18:48:37'),
(63, 86, 71, 'Fuga est fuga iure commodi consequatur. Quisquam magni atque exercitationem ipsum. Ex facilis laudantium ratione sapiente.', '2023-02-15 18:48:37', '2023-02-15 18:48:37'),
(64, 6, 26, 'Est aspernatur et deserunt voluptatum. Sint tempore molestiae ut eos id at reiciendis. Et sit vero consequuntur perferendis ex dolor. Sequi id veritatis nihil maiores possimus et qui nisi.', '2023-02-15 18:48:37', '2023-02-15 18:48:37'),
(65, 39, 22, 'Nesciunt soluta at placeat quia. Autem occaecati autem repellat. Voluptatem fuga doloribus quo nesciunt tempore rerum itaque. Dolor a sed amet necessitatibus voluptas labore.', '2023-02-15 18:48:37', '2023-02-15 18:48:37'),
(66, 57, 75, 'Architecto non est eos soluta repellat occaecati. Et assumenda voluptate earum ad illo nobis et suscipit. Fugiat aut omnis in magni. Reprehenderit voluptate et assumenda.', '2023-02-15 18:48:37', '2023-02-15 18:48:37'),
(67, 96, 84, 'Nihil nostrum rerum velit possimus. Molestiae aut rerum voluptas hic sequi sequi quia. Aut et aperiam sit repellendus. Aut quae commodi et facere molestiae repellat eaque.', '2023-02-15 18:48:37', '2023-02-15 18:48:37'),
(68, 87, 65, 'Perspiciatis eum aut rerum voluptas quis non nam. Accusantium sunt vel ex quia ut possimus. Molestias ut voluptatem similique velit vitae.', '2023-02-15 18:48:37', '2023-02-15 18:48:37'),
(69, 8, 65, 'Quo nemo et placeat et et ea. Magni et enim dolor quod magnam voluptas. Corrupti perspiciatis sequi suscipit distinctio. Maiores aut error et ratione veritatis molestiae tempora. Aspernatur eligendi quos est facere et.', '2023-02-15 18:48:37', '2023-02-15 18:48:37'),
(70, 92, 34, 'Consectetur et quo et sapiente saepe cum. Rerum at animi et sed. Delectus facilis totam fugiat voluptatem. Iure natus voluptatem voluptas voluptates est consequatur fuga.', '2023-02-15 18:48:37', '2023-02-15 18:48:37'),
(71, 93, 66, 'Suscipit illum aut id atque maxime totam. Sit et omnis sit totam. Aut vero inventore inventore voluptatum dolorem. Nemo quia commodi aut aut aut voluptates dicta. Cumque consequatur consequatur ut ad.', '2023-02-15 18:48:37', '2023-02-15 18:48:37'),
(72, 40, 64, 'Ut saepe et et odit a eaque quaerat et. Et dolorum excepturi velit fugit et rerum reprehenderit. Voluptatum non in cum laudantium est suscipit. Laudantium unde aut ipsum vel quaerat cum.', '2023-02-15 18:48:37', '2023-02-15 18:48:37'),
(73, 82, 60, 'Explicabo molestias temporibus nemo doloribus. Placeat sequi id velit itaque ratione aut aut consequatur. Dicta hic nostrum ut at praesentium.', '2023-02-15 18:48:37', '2023-02-15 18:48:37'),
(74, 43, 29, 'Fugiat ad fugit quos nam quia laborum quidem. Cum qui veniam voluptates accusamus veniam asperiores. Ratione voluptas aliquam accusamus rerum inventore tempore ad. Et possimus sint earum.', '2023-02-15 18:48:37', '2023-02-15 18:48:37'),
(75, 10, 77, 'Ab eligendi nulla quam enim. Voluptas voluptas animi sit accusamus. Eligendi et debitis ab aspernatur ipsa hic.', '2023-02-15 18:48:37', '2023-02-15 18:48:37'),
(76, 45, 36, 'Iusto nulla qui ut et. Vitae ea quia autem. Quis aut dolor in inventore impedit qui voluptatibus.', '2023-02-15 18:48:37', '2023-02-15 18:48:37'),
(77, 62, 41, 'Laudantium est nam dolores voluptatem explicabo officia. Nihil qui nulla qui cum alias quo.', '2023-02-15 18:48:37', '2023-02-15 18:48:37'),
(78, 35, 49, 'Reiciendis dolor nemo atque deserunt aspernatur. Veniam porro rerum animi non soluta voluptatem. Doloribus autem eaque quia.', '2023-02-15 18:48:37', '2023-02-15 18:48:37'),
(79, 60, 66, 'Consequatur odio omnis eligendi minus et maiores. Qui cupiditate debitis quo vitae et rem alias. Animi explicabo autem nostrum illo laudantium temporibus harum. Officia delectus temporibus esse et velit voluptatum rem omnis.', '2023-02-15 18:48:37', '2023-02-15 18:48:37'),
(80, 80, 87, 'Omnis minus accusamus odit ad ea. Laudantium ea ut ut earum assumenda et beatae deserunt. Accusamus et deserunt vitae aut voluptatum.', '2023-02-15 18:48:37', '2023-02-15 18:48:37'),
(81, 34, 76, 'Blanditiis eum quam omnis expedita. Blanditiis ducimus id sint.', '2023-02-15 18:48:37', '2023-02-15 18:48:37'),
(82, 66, 94, 'Unde illum nesciunt deserunt ea accusamus. Rem ipsa hic eaque suscipit. Quibusdam repudiandae ea sequi id omnis id.', '2023-02-15 18:48:37', '2023-02-15 18:48:37'),
(83, 89, 36, 'Et est non nihil. Eligendi reprehenderit similique odio. Et occaecati et vel architecto est incidunt.', '2023-02-15 18:48:37', '2023-02-15 18:48:37'),
(84, 22, 77, 'Vel et in laudantium et. Quidem aut quis qui aut in placeat. Repudiandae incidunt quibusdam nobis laboriosam vero consectetur esse. At voluptatem veritatis amet suscipit maxime.', '2023-02-15 18:48:37', '2023-02-15 18:48:37'),
(85, 50, 36, 'Minus enim recusandae odio deserunt quo est aut. Sunt sint et tempore. Alias aliquam ut nesciunt quaerat corporis.', '2023-02-15 18:48:37', '2023-02-15 18:48:37'),
(86, 47, 76, 'Impedit est blanditiis beatae saepe dolore. Soluta eum cum sunt consequatur quisquam repudiandae. Occaecati dolorem dolores at impedit eaque mollitia ducimus.', '2023-02-15 18:48:37', '2023-02-15 18:48:37'),
(87, 66, 2, 'Praesentium porro sed at doloremque dolores omnis. Suscipit molestiae earum est ex. Quia qui voluptatibus odit aliquid nihil consequatur.', '2023-02-15 18:48:37', '2023-02-15 18:48:37'),
(88, 6, 29, 'Voluptas veniam nulla voluptatem recusandae libero et voluptates. Quidem similique et molestiae eius minus non est praesentium.', '2023-02-15 18:48:37', '2023-02-15 18:48:37'),
(89, 71, 5, 'Aperiam nobis voluptatem nihil earum vero voluptatem nihil. Ipsam possimus et aliquid ut dolor et. Quo voluptas odit sed quisquam facilis aspernatur. Ad ex ut quod qui quia explicabo aut maiores.', '2023-02-15 18:48:37', '2023-02-15 18:48:37'),
(90, 61, 48, 'Nobis quia minima voluptatum eligendi rerum. Quo eos quaerat unde odio quas optio quasi corporis. Exercitationem beatae veniam suscipit. Voluptatem reprehenderit excepturi nihil dolor recusandae. Doloremque non odio soluta libero vitae voluptatem.', '2023-02-15 18:48:37', '2023-02-15 18:48:37'),
(91, 30, 83, 'Error similique alias quasi alias nostrum eum iusto. Ut optio omnis beatae. Et et repellat nisi culpa repellat asperiores a. Autem qui sunt quaerat impedit.', '2023-02-15 18:48:37', '2023-02-15 18:48:37'),
(92, 92, 37, 'Maxime tenetur magnam voluptates nemo dolor quia debitis voluptas. Dignissimos soluta temporibus dignissimos dolores quo omnis est architecto. Beatae et vero dolores ut et eaque. Quia magnam voluptas molestiae fugit.', '2023-02-15 18:48:37', '2023-02-15 18:48:37'),
(93, 4, 11, 'Soluta repellat sed veritatis rerum quasi iste itaque. Debitis eligendi saepe libero.', '2023-02-15 18:48:37', '2023-02-15 18:48:37'),
(94, 70, 19, 'Qui modi ipsam eum nobis. Perferendis consequuntur sint aut modi ratione optio atque. Perspiciatis assumenda alias odio. Facilis qui eaque ullam nam.', '2023-02-15 18:48:37', '2023-02-15 18:48:37'),
(95, 83, 56, 'Quia quia illum aspernatur sint dolorem itaque architecto saepe. Nemo temporibus ut commodi fuga vel.', '2023-02-15 18:48:37', '2023-02-15 18:48:37'),
(96, 65, 14, 'Quaerat natus iure et dignissimos maiores sed quidem. Laborum cumque dolorem voluptas reiciendis nihil. Eligendi qui voluptates dolore dolorem in temporibus beatae.', '2023-02-15 18:48:37', '2023-02-15 18:48:37'),
(97, 94, 88, 'Pariatur iste commodi blanditiis mollitia enim officia. Laborum repudiandae earum pariatur dolore ut corrupti voluptatibus iusto. Praesentium modi non maiores facilis. Maxime libero quia praesentium est.', '2023-02-15 18:48:37', '2023-02-15 18:48:37'),
(98, 54, 65, 'Ut eligendi rerum vero laudantium. At dolor et eaque. Consequatur iste eum modi ab ipsum et nihil ut.', '2023-02-15 18:48:37', '2023-02-15 18:48:37'),
(99, 95, 86, 'Corporis mollitia qui sunt. Nostrum impedit quidem fugit. Accusamus quasi ipsam et eum sequi neque optio.', '2023-02-15 18:48:37', '2023-02-15 18:48:37'),
(100, 50, 60, 'In exercitationem qui qui. Est blanditiis explicabo est vel et. Libero amet laborum ex recusandae qui ducimus minus. Voluptatum omnis animi repellat sed blanditiis ut.', '2023-02-15 18:48:37', '2023-02-15 18:48:37');

INSERT INTO `migrations` (`id`, `version`, `class`, `group`, `namespace`, `time`, `batch`) VALUES
(73, '2022-11-17-171915', 'App\\Database\\Migrations\\User', 'default', 'App', 1676497656, 1);
INSERT INTO `migrations` (`id`, `version`, `class`, `group`, `namespace`, `time`, `batch`) VALUES
(74, '2022-11-17-171918', 'App\\Database\\Migrations\\Category', 'default', 'App', 1676497656, 1);
INSERT INTO `migrations` (`id`, `version`, `class`, `group`, `namespace`, `time`, `batch`) VALUES
(75, '2022-11-17-171922', 'App\\Database\\Migrations\\Post', 'default', 'App', 1676497656, 1);
INSERT INTO `migrations` (`id`, `version`, `class`, `group`, `namespace`, `time`, `batch`) VALUES
(76, '2023-02-15-213913', 'App\\Database\\Migrations\\Comment', 'default', 'App', 1676497656, 1),
(77, '2023-02-15-213932', 'App\\Database\\Migrations\\Reply', 'default', 'App', 1676497656, 1);

INSERT INTO `posts` (`id`, `user_id`, `category_id`, `title`, `slug`, `visits`, `image`, `description`, `created_at`, `updated_at`) VALUES
(1, 23, 8, 'Dolores omnis dignissimos ipsum ut eos iusto.', 'dolores-omnis-dignissimos-ipsum-ut-eos-iusto', 57, 'https://picsum.photos/640/480', 'Consequatur sint in dolores non maxime reprehenderit sed. Officia animi maiores et maiores. Sit soluta quo eos non eius quod. Saepe animi ea dicta ut. Voluptatem tenetur eum aut. Molestiae deserunt qui exercitationem minima quidem veritatis fugiat. Illum et minima consequatur.', '2023-02-15 18:48:37', '2023-02-15 18:48:37');
INSERT INTO `posts` (`id`, `user_id`, `category_id`, `title`, `slug`, `visits`, `image`, `description`, `created_at`, `updated_at`) VALUES
(2, 34, 6, 'Cumque explicabo veniam quos quisquam odit et officia.', 'cumque-explicabo-veniam-quos-quisquam-odit-et-officia', 62, 'https://picsum.photos/640/480', 'Blanditiis excepturi cupiditate voluptas quasi. Laudantium enim culpa laborum tempore sed sapiente. Odio aut animi voluptatum pariatur. Eos corrupti aut molestias nulla dignissimos quo nobis. Quaerat asperiores quibusdam deserunt ad nisi sed eius. Et nemo voluptatibus non iure cum iusto eius. Quo ut rerum quae quis modi.', '2023-02-15 18:48:37', '2023-02-15 18:48:37');
INSERT INTO `posts` (`id`, `user_id`, `category_id`, `title`, `slug`, `visits`, `image`, `description`, `created_at`, `updated_at`) VALUES
(3, 68, 1, 'Autem iure atque qui alias.', 'autem-iure-atque-qui-alias', 72, 'https://picsum.photos/640/480', 'Sed vel non quisquam alias eligendi. Accusantium blanditiis molestiae culpa vel fugit debitis. Et consequuntur tempore quisquam id ipsum in placeat. Perspiciatis quia dolor cupiditate consequatur. Sint et sint quia blanditiis adipisci maxime laudantium.', '2023-02-15 18:48:37', '2023-02-15 18:48:37');
INSERT INTO `posts` (`id`, `user_id`, `category_id`, `title`, `slug`, `visits`, `image`, `description`, `created_at`, `updated_at`) VALUES
(4, 48, 10, 'Ullam ut sed eligendi dignissimos placeat.', 'ullam-ut-sed-eligendi-dignissimos-placeat', 54, 'https://picsum.photos/640/480', 'Dolores maxime placeat quia in. Ex id cumque rerum nesciunt vel architecto est. Minus numquam ipsum qui magnam quae eos soluta. Voluptatem quibusdam repellendus nulla delectus quisquam.', '2023-02-15 18:48:37', '2023-02-15 18:48:37'),
(5, 9, 4, 'Amet voluptates voluptatem alias.', 'amet-voluptates-voluptatem-alias', 85, 'https://picsum.photos/640/480', 'Aliquid maxime vel doloremque enim. Dolores laborum eveniet magni deserunt aut voluptatem expedita. Eum sit error debitis eos. Repellendus asperiores ea expedita aut qui quis facilis. Iste saepe culpa asperiores illum quidem aperiam commodi.', '2023-02-15 18:48:37', '2023-02-15 18:48:37'),
(6, 89, 6, 'Tempore nihil velit non asperiores.', 'tempore-nihil-velit-non-asperiores', 40, 'https://picsum.photos/640/480', 'Magnam eveniet et sequi qui voluptatem quisquam dolor ipsa. Saepe esse dignissimos dignissimos ut quisquam officia. Tempore rerum sunt vel qui. Sit ratione modi voluptatibus quo sunt aut voluptas. Repellendus voluptate suscipit magni sed.', '2023-02-15 18:48:37', '2023-02-15 18:48:37'),
(7, 65, 7, 'Id omnis atque perferendis et.', 'id-omnis-atque-perferendis-et', 56, 'https://picsum.photos/640/480', 'Commodi voluptatem deserunt esse. Autem ea ex minus et dignissimos odio quos rem. Molestias quo dignissimos consequuntur cum. Est dolor molestiae earum autem doloremque qui. Quo sed pariatur cumque veritatis sequi nemo quas. Illo a beatae est et magni aut. Ut facilis placeat enim earum itaque facere.', '2023-02-15 18:48:37', '2023-02-15 18:48:37'),
(8, 21, 9, 'Veritatis debitis minus repellendus ut.', 'veritatis-debitis-minus-repellendus-ut', 41, 'https://picsum.photos/640/480', 'Excepturi cumque et est accusantium fugit cum optio. Et enim architecto reiciendis tenetur qui tenetur. Nulla odio et architecto vitae accusantium. Est possimus blanditiis inventore id consectetur corrupti. Aut et iste molestiae eos qui ex ipsum.', '2023-02-15 18:48:37', '2023-02-15 18:48:37'),
(9, 21, 7, 'Architecto esse assumenda necessitatibus hic consectetur aut.', 'architecto-esse-assumenda-necessitatibus-hic-consectetur-aut', 41, 'https://picsum.photos/640/480', 'Commodi odit eaque sequi ut et et consectetur. Excepturi molestias magnam facilis repellendus dignissimos dolorum. Voluptate est porro dolorum autem. Odit rem quia qui facere praesentium quis.', '2023-02-15 18:48:37', '2023-02-15 18:48:37'),
(10, 30, 5, 'Omnis assumenda consequatur non.', 'omnis-assumenda-consequatur-non', 58, 'https://picsum.photos/640/480', 'Nostrum est incidunt velit ratione cumque non. Aliquam quas consequuntur quia repellendus aliquam exercitationem. Provident nobis facere quaerat repellat aperiam ipsam. Ullam corporis vitae rerum deleniti. Molestias magnam qui et dolor at magnam est.', '2023-02-15 18:48:37', '2023-02-15 18:48:37'),
(11, 40, 9, 'Aut mollitia numquam provident sed ex libero rerum ipsa.', 'aut-mollitia-numquam-provident-sed-ex-libero-rerum-ipsa', 58, 'https://picsum.photos/640/480', 'Non laborum explicabo sed excepturi neque blanditiis porro ut. Nostrum omnis veniam rerum eum pariatur qui quas cupiditate. Est saepe ea necessitatibus ab. Vitae nostrum est quod voluptates sequi maiores autem natus. Laborum ducimus sit est officiis nemo. Ipsam commodi est commodi ut sit.', '2023-02-15 18:48:37', '2023-02-15 18:48:37'),
(12, 9, 3, 'Consectetur quis ex quia.', 'consectetur-quis-ex-quia', 26, 'https://picsum.photos/640/480', 'Aut eum quos qui beatae aut quia sint. Ab repudiandae vero aperiam aliquam. Consectetur sit iste velit repellendus et dolorem libero. Iusto iure est consequuntur modi et architecto non quod.', '2023-02-15 18:48:37', '2023-02-15 18:48:37'),
(13, 49, 6, 'Ratione quas et recusandae ratione ipsum.', 'ratione-quas-et-recusandae-ratione-ipsum', 89, 'https://picsum.photos/640/480', 'Delectus rerum nobis mollitia ipsum dicta. Delectus sapiente et nisi velit. Dicta et possimus soluta voluptatum quia consequatur. Dignissimos enim qui et possimus vitae et. Eum possimus error facere nam maiores est. Iste illum quae a est sed.', '2023-02-15 18:48:37', '2023-02-15 18:48:37'),
(14, 39, 4, 'Et quis et similique ut placeat voluptas rerum.', 'et-quis-et-similique-ut-placeat-voluptas-rerum', 74, 'https://picsum.photos/640/480', 'Deleniti rerum aliquam inventore a at consequatur consequuntur. Repudiandae dolor distinctio consequuntur nam qui delectus incidunt iure. Provident aliquam blanditiis voluptas eos quae sed repellendus sed. Odit explicabo beatae sint cumque dolore qui dolorem. Aut ut voluptas ea a molestias ea. Aliquam voluptatem doloremque commodi deserunt sunt qui. Sit cupiditate qui quia nesciunt repellat officiis dolorem voluptatem.', '2023-02-15 18:48:37', '2023-02-15 18:48:37'),
(15, 99, 10, 'Sint sit nihil praesentium quae laboriosam.', 'sint-sit-nihil-praesentium-quae-laboriosam', 75, 'https://picsum.photos/640/480', 'Neque fugit et accusantium. Commodi a sit sint. Sit eaque aut ipsa. Voluptate laboriosam mollitia fugiat eveniet non dicta.', '2023-02-15 18:48:37', '2023-02-15 18:48:37'),
(16, 74, 3, 'Repudiandae animi et aperiam.', 'repudiandae-animi-et-aperiam', 61, 'https://picsum.photos/640/480', 'Animi quia unde non architecto rerum. Nemo exercitationem velit molestiae et accusamus eum. Qui quia rerum excepturi nihil qui voluptas suscipit. Molestiae quia quia consectetur voluptatem. Aperiam fuga sit ipsam necessitatibus eos. Quidem deserunt facilis et exercitationem necessitatibus ut. Sit nemo voluptatum qui debitis.', '2023-02-15 18:48:37', '2023-02-15 18:48:37'),
(17, 55, 5, 'Voluptatem et quia dolorem.', 'voluptatem-et-quia-dolorem', 37, 'https://picsum.photos/640/480', 'Sint numquam odit iusto quisquam. Et ut accusantium rerum. Error id optio atque quasi dolores. Atque deserunt non eos sequi iure et.', '2023-02-15 18:48:37', '2023-02-15 18:48:37'),
(18, 51, 9, 'Velit dicta tempore est id.', 'velit-dicta-tempore-est-id', 85, 'https://picsum.photos/640/480', 'Fuga necessitatibus illo fugit quia vero recusandae aspernatur. Voluptatem accusantium maxime quia maxime est et. Quam rerum ipsa voluptatibus eaque. Quidem sapiente qui in corrupti omnis. Harum molestiae sed nobis et magni. Provident modi architecto non consequatur quia.', '2023-02-15 18:48:37', '2023-02-15 18:48:37'),
(19, 21, 5, 'Provident laudantium et repellat laboriosam qui.', 'provident-laudantium-et-repellat-laboriosam-qui', 32, 'https://picsum.photos/640/480', 'Sint quo nesciunt architecto. Magnam maiores magnam ullam rem ad. Necessitatibus beatae sunt in sed vero modi est magnam. Ut qui eveniet nisi dolorum. Sed laudantium repudiandae necessitatibus nam.', '2023-02-15 18:48:37', '2023-02-15 18:48:37'),
(20, 30, 4, 'Qui aut cupiditate alias nulla in laudantium eum.', 'qui-aut-cupiditate-alias-nulla-in-laudantium-eum', 22, 'https://picsum.photos/640/480', 'Amet dignissimos est quis qui. Mollitia nihil voluptatem molestiae rerum. Magnam tenetur ut omnis et expedita molestias eaque velit. Sint amet aut aliquid quo numquam ipsam. Non nemo vero aut qui facere nesciunt nihil. Praesentium doloribus et sit ad.', '2023-02-15 18:48:37', '2023-02-15 18:48:37'),
(21, 17, 9, 'Perferendis molestiae voluptates praesentium impedit.', 'perferendis-molestiae-voluptates-praesentium-impedit', 7, 'https://picsum.photos/640/480', 'Omnis qui recusandae sed nostrum consequuntur. Voluptatem totam dolores ut unde et sed. Velit et hic quas est. Ea sit qui nemo est quas.', '2023-02-15 18:48:37', '2023-02-15 18:48:37'),
(22, 8, 5, 'Porro similique delectus ad at.', 'porro-similique-delectus-ad-at', 62, 'https://picsum.photos/640/480', 'Aut voluptatum incidunt quisquam non. Nesciunt excepturi magni voluptas nesciunt quo. Non eveniet quos voluptatem consequatur nemo. Repudiandae porro quia atque voluptatem id placeat qui. Est nam ut perspiciatis ipsum. Cupiditate eum quibusdam doloribus excepturi. Voluptatem est fuga impedit et vel voluptates velit ab.', '2023-02-15 18:48:37', '2023-02-15 18:48:37'),
(23, 44, 7, 'Possimus et et nobis quis sed.', 'possimus-et-et-nobis-quis-sed', 15, 'https://picsum.photos/640/480', 'Fugiat aliquid est aut nulla hic dignissimos aliquid. Et iusto voluptatum sed. Velit ad deleniti maxime nesciunt pariatur. Ut porro incidunt nemo quo non et. Et libero quasi voluptas et quis. Eos consequatur nulla qui ducimus dolorem commodi.', '2023-02-15 18:48:37', '2023-02-15 18:48:37'),
(24, 83, 10, 'Officiis minima numquam unde.', 'officiis-minima-numquam-unde', 23, 'https://picsum.photos/640/480', 'Consectetur est dolorem debitis et ea. Eum tenetur corporis placeat sit modi. A veniam eos tempore dolore accusamus quis et. Iure qui libero non similique porro rerum distinctio. Quo quidem repellat delectus aut sit. Nulla unde laboriosam commodi.', '2023-02-15 18:48:37', '2023-02-15 18:48:37'),
(25, 77, 3, 'Accusamus iusto aut facere quis voluptatum.', 'accusamus-iusto-aut-facere-quis-voluptatum', 11, 'https://picsum.photos/640/480', 'Ipsa voluptatem est vel et laborum corporis nemo. Aut cum nesciunt aut deserunt est. Voluptas delectus sunt amet. Provident culpa porro ratione fugiat accusantium. Voluptas nostrum nulla nam maxime cumque minus inventore. Velit pariatur error eius ut voluptatem. Voluptatum aliquam non ut et corporis occaecati.', '2023-02-15 18:48:37', '2023-02-15 18:48:37'),
(26, 28, 7, 'Accusamus ratione magni tenetur sit.', 'accusamus-ratione-magni-tenetur-sit', 59, 'https://picsum.photos/640/480', 'Omnis veritatis rerum voluptatem quisquam. Provident quisquam voluptas qui aut rem quibusdam architecto. Quaerat cumque odit cumque magnam necessitatibus optio repudiandae. Ut temporibus nulla voluptates qui iste eum.', '2023-02-15 18:48:37', '2023-02-15 18:48:37'),
(27, 1, 8, 'Dolore consequuntur quia molestiae animi beatae non assumenda perspiciatis.', 'dolore-consequuntur-quia-molestiae-animi-beatae-non-assumenda-perspiciatis', 13, 'https://picsum.photos/640/480', 'Repellendus voluptas sed eligendi et et. Explicabo voluptas mollitia iusto perspiciatis vel incidunt accusamus. Tenetur quia ut dolorum iure. Quibusdam totam exercitationem blanditiis earum et ut dolorem. Tempore velit perspiciatis omnis in architecto et et. Voluptatem quo vitae quos.', '2023-02-15 18:48:37', '2023-02-15 18:48:37'),
(28, 36, 10, 'Atque ipsum neque molestiae.', 'atque-ipsum-neque-molestiae', 90, 'https://picsum.photos/640/480', 'Quia repudiandae totam ut ut repellat. Pariatur qui labore blanditiis iure minus provident. Voluptates nostrum optio voluptates deserunt recusandae et. Atque rem ullam dolor. Nostrum tempore odit aperiam quibusdam ab reiciendis fuga.', '2023-02-15 18:48:37', '2023-02-15 18:48:37'),
(29, 23, 9, 'Quaerat ab aut ad doloribus.', 'quaerat-ab-aut-ad-doloribus', 41, 'https://picsum.photos/640/480', 'Quis sunt sed voluptatem. Ea est reprehenderit et. Recusandae aut laboriosam nisi perspiciatis. Eaque perferendis dolor officiis sunt sunt voluptas. Non iste harum excepturi eos.', '2023-02-15 18:48:37', '2023-02-15 18:48:37'),
(30, 13, 6, 'Numquam quis qui ut consequatur consequuntur quo incidunt.', 'numquam-quis-qui-ut-consequatur-consequuntur-quo-incidunt', 70, 'https://picsum.photos/640/480', 'Vero velit omnis nobis consequatur. Reprehenderit veniam nobis rerum iste libero eveniet non. Et est illum numquam culpa. Labore aut atque et est molestiae quos. Eius quod repellat quam eum qui. Aut autem laborum nisi ipsam nostrum et. Dolor officia labore maiores rerum.', '2023-02-15 18:48:37', '2023-02-15 18:48:37'),
(31, 97, 2, 'Ex quos magnam eaque natus ad libero.', 'ex-quos-magnam-eaque-natus-ad-libero', 36, 'https://picsum.photos/640/480', 'Voluptatem nostrum sunt molestiae ea deserunt. Aut recusandae atque alias perspiciatis recusandae suscipit. Dignissimos delectus error distinctio. Accusamus porro sit voluptas possimus illo unde. Doloremque molestias est voluptate voluptates architecto sequi cum facere. Sunt molestiae quisquam quas est qui.', '2023-02-15 18:48:37', '2023-02-15 18:48:37'),
(32, 44, 10, 'Voluptas voluptas animi et at alias.', 'voluptas-voluptas-animi-et-at-alias', 78, 'https://picsum.photos/640/480', 'Impedit adipisci vel sed sapiente impedit. Maxime inventore repellat autem et veniam. Eos quo similique modi quod ut et quis. Sit sed suscipit eos in rerum accusantium praesentium. Cupiditate et qui qui expedita quo est doloremque. Blanditiis beatae nihil perspiciatis quis. Mollitia est saepe dignissimos impedit.', '2023-02-15 18:48:37', '2023-02-15 18:48:37'),
(33, 90, 8, 'Deleniti commodi labore perspiciatis velit quia magni deleniti.', 'deleniti-commodi-labore-perspiciatis-velit-quia-magni-deleniti', 85, 'https://picsum.photos/640/480', 'Illo quasi qui asperiores. Quis iste a qui voluptatem sit consectetur dolores consequatur. Ipsum nostrum autem optio culpa eaque. Ipsa dicta molestias harum dolor magni cupiditate. Perspiciatis dolores omnis saepe inventore qui iste.', '2023-02-15 18:48:37', '2023-02-15 18:48:37'),
(34, 3, 8, 'Non praesentium dignissimos harum beatae aliquam.', 'non-praesentium-dignissimos-harum-beatae-aliquam', 96, 'https://picsum.photos/640/480', 'Voluptates voluptatem id eos. Exercitationem ea sit in voluptas id dolorem dignissimos. Qui qui dolore tenetur eligendi. Eligendi explicabo vitae nihil repellat consectetur. Officia non consequatur illo sit. Exercitationem non aut iste totam nobis dolores adipisci. Consequatur iusto cum impedit possimus.', '2023-02-15 18:48:37', '2023-02-15 18:48:37'),
(35, 47, 8, 'Earum quaerat unde corrupti dolor tempore.', 'earum-quaerat-unde-corrupti-dolor-tempore', 16, 'https://picsum.photos/640/480', 'Sit ratione inventore iusto libero aspernatur. Distinctio nihil totam odit quod pariatur sit. Dicta quaerat possimus sed. Ducimus voluptates nulla et eveniet et dolores iste incidunt. Sit ducimus necessitatibus veritatis nesciunt eum sed. Et corporis odio quidem. Distinctio nihil similique ullam reiciendis et.', '2023-02-15 18:48:37', '2023-02-15 18:48:37'),
(36, 67, 10, 'Sapiente assumenda quo consequatur voluptas non similique.', 'sapiente-assumenda-quo-consequatur-voluptas-non-similique', 40, 'https://picsum.photos/640/480', 'Odio maxime quisquam aut eum sint facere eos officiis. Quia in aliquam quae labore. Quo quibusdam explicabo rerum vel natus fugiat. Repellendus eius aut est. Exercitationem aut et rerum est architecto qui. Laudantium reprehenderit assumenda odit ducimus.', '2023-02-15 18:48:37', '2023-02-15 18:48:37'),
(37, 79, 7, 'Adipisci recusandae vel labore iusto.', 'adipisci-recusandae-vel-labore-iusto', 91, 'https://picsum.photos/640/480', 'Eveniet et sunt omnis eos ratione. Recusandae veritatis pariatur est rerum voluptatem quae aut. Ut ab distinctio expedita id doloribus ex sit nobis. Cupiditate perferendis non ut facere aut ratione. Ipsum non rerum et vel.', '2023-02-15 18:48:37', '2023-02-15 18:48:37'),
(38, 52, 2, 'Impedit vero sit eum assumenda.', 'impedit-vero-sit-eum-assumenda', 6, 'https://picsum.photos/640/480', 'Tempore officia perferendis et magnam. At possimus nobis ea hic impedit. Enim velit aspernatur quidem. Repellat dolorem adipisci dolore eos veniam commodi. Omnis illo quisquam quaerat inventore voluptatem.', '2023-02-15 18:48:37', '2023-02-15 18:48:37'),
(39, 74, 1, 'Illum quo esse nesciunt itaque.', 'illum-quo-esse-nesciunt-itaque', 64, 'https://picsum.photos/640/480', 'Error ut laudantium cumque tempore dignissimos. Quae facere dolorem consectetur cumque mollitia natus. Corporis unde architecto odit tenetur velit consectetur ipsa et. Ipsa rerum commodi et sapiente qui est. Facere molestias minima repudiandae similique. Voluptatem ut doloribus quasi et libero ut.', '2023-02-15 18:48:37', '2023-02-15 18:48:37'),
(40, 40, 6, 'Aut et adipisci non quibusdam saepe.', 'aut-et-adipisci-non-quibusdam-saepe', 32, 'https://picsum.photos/640/480', 'Ex aperiam veritatis eum voluptas dolore. Occaecati esse corrupti animi sed facilis quo. Unde ex voluptatem numquam enim. Ut aut id recusandae odit sit ipsam.', '2023-02-15 18:48:37', '2023-02-15 18:48:37'),
(41, 58, 4, 'Repellendus quos expedita nulla sunt eos blanditiis.', 'repellendus-quos-expedita-nulla-sunt-eos-blanditiis', 1, 'https://picsum.photos/640/480', 'Libero in aut eveniet voluptate facere. Neque dolor sapiente earum eum excepturi necessitatibus. Illum et dolore animi repellendus et. Quia laborum cupiditate porro repellendus ut. Voluptas expedita dicta exercitationem quia exercitationem expedita laudantium. Nobis non itaque voluptate omnis veniam cumque eius.', '2023-02-15 18:48:37', '2023-02-15 18:48:37'),
(42, 60, 7, 'Provident sequi est rerum rem a quo similique.', 'provident-sequi-est-rerum-rem-a-quo-similique', 68, 'https://picsum.photos/640/480', 'Ea quia voluptatibus ullam porro rerum non. Qui eos a vero esse. Itaque laudantium culpa qui aut ipsa nihil. In dignissimos hic quo voluptatem rerum sunt magnam voluptatem.', '2023-02-15 18:48:37', '2023-02-15 18:48:37'),
(43, 21, 6, 'Libero quia magnam voluptas eum iusto.', 'libero-quia-magnam-voluptas-eum-iusto', 33, 'https://picsum.photos/640/480', 'Odio delectus est itaque dolore. Natus et aut reiciendis ex illum molestias. Rem et quo accusantium nostrum. Voluptatem aut cupiditate fugit deserunt occaecati totam. Sunt voluptatem labore consequatur. Odit labore non aut id fugit dolorem eius non. Eligendi eaque nihil omnis doloremque suscipit ut.', '2023-02-15 18:48:37', '2023-02-15 18:48:37'),
(44, 82, 7, 'Et vero sint suscipit dolore illo rerum id.', 'et-vero-sint-suscipit-dolore-illo-rerum-id', 4, 'https://picsum.photos/640/480', 'Maxime sequi est illo expedita. Fugiat sit distinctio quo voluptas. Eveniet rem praesentium quo. Ipsum porro molestias nesciunt eos animi perspiciatis. Vel doloremque officiis at voluptates ab. Cumque possimus cum sapiente impedit. Aut accusamus dolorum odio odit totam non repudiandae.', '2023-02-15 18:48:37', '2023-02-15 18:48:37'),
(45, 36, 1, 'Ut sunt itaque et porro dolor dolor enim.', 'ut-sunt-itaque-et-porro-dolor-dolor-enim', 68, 'https://picsum.photos/640/480', 'Molestiae excepturi odit et harum itaque sunt magni. Sed expedita id labore porro. Molestias animi et est aut qui. Aut vel qui sit eos est ullam perspiciatis. Velit quo rerum maxime facilis necessitatibus. Ducimus iusto eligendi perspiciatis quo voluptatem.', '2023-02-15 18:48:37', '2023-02-15 18:48:37'),
(46, 7, 4, 'Et at maiores rerum ab.', 'et-at-maiores-rerum-ab', 25, 'https://picsum.photos/640/480', 'Eveniet et sunt nobis sit. Nisi sed placeat et in iure eius. Sunt at tempore tempora id laborum vel facilis. Doloribus incidunt voluptate quasi provident enim. Culpa nemo sint eum assumenda qui. Sunt qui molestiae delectus non odio nesciunt quo. Deserunt velit quasi sed rerum.', '2023-02-15 18:48:37', '2023-02-15 18:48:37'),
(47, 60, 3, 'Placeat id placeat beatae voluptatum in.', 'placeat-id-placeat-beatae-voluptatum-in', 44, 'https://picsum.photos/640/480', 'Consequatur dolor quaerat reprehenderit sint rerum in. Quos est hic esse aliquam non. Non in qui nihil consequatur. Suscipit esse ea ea omnis. Et magni voluptates dolores cupiditate beatae.', '2023-02-15 18:48:37', '2023-02-15 18:48:37'),
(48, 76, 3, 'Recusandae eveniet tenetur dolorem aut.', 'recusandae-eveniet-tenetur-dolorem-aut', 4, 'https://picsum.photos/640/480', 'Vitae qui vitae quam neque. Aspernatur soluta nobis rem odio corporis et aut et. Tempore accusamus id doloremque est exercitationem ratione voluptatibus. Dolores aut porro est impedit modi qui sit. Minus optio tempore voluptatem voluptas. Dolores natus quia occaecati autem quasi.', '2023-02-15 18:48:37', '2023-02-15 18:48:37'),
(49, 83, 5, 'Pariatur error quas a cum impedit iusto recusandae.', 'pariatur-error-quas-a-cum-impedit-iusto-recusandae', 97, 'https://picsum.photos/640/480', 'Et dignissimos est aut. Dolorem enim nam debitis assumenda. Perspiciatis dolorum ratione quas consequatur quia odit numquam. Minus velit animi libero quas corporis modi sunt error.', '2023-02-15 18:48:37', '2023-02-15 18:48:37'),
(50, 57, 10, 'Dolor amet id cupiditate est est labore.', 'dolor-amet-id-cupiditate-est-est-labore', 87, 'https://picsum.photos/640/480', 'Molestias et at ut deserunt similique odio. Fuga cumque quam voluptatem. Tempore aut deleniti qui error quo. Illo qui quae sunt consequatur ipsum. Fugiat quia voluptatem ut dolorum natus.', '2023-02-15 18:48:37', '2023-02-15 18:48:37'),
(51, 48, 3, 'Ratione impedit quo natus.', 'ratione-impedit-quo-natus', 16, 'https://picsum.photos/640/480', 'In vitae aut recusandae quis at repudiandae tempore facilis. Impedit doloremque commodi et autem officia. Nam cum dignissimos ipsam. Neque tempora facilis necessitatibus quae sequi excepturi. Iure dolorem velit officia rem dolorem. Odio doloribus voluptas autem aut dignissimos voluptas dignissimos. Facilis id dolore vel commodi quia consectetur.', '2023-02-15 18:48:37', '2023-02-15 18:48:37'),
(52, 91, 8, 'Et adipisci pariatur suscipit quia voluptates.', 'et-adipisci-pariatur-suscipit-quia-voluptates', 48, 'https://picsum.photos/640/480', 'Officia ut quo quia amet odio enim beatae. Voluptatem id porro et in distinctio maxime. Mollitia eius sapiente in illum dolorem impedit. Aut et tempora molestiae porro corrupti ducimus sint alias. Non aspernatur sint et et quod corporis.', '2023-02-15 18:48:37', '2023-02-15 18:48:37'),
(53, 2, 1, 'Vero voluptatum doloribus quis ea et ratione eum in.', 'vero-voluptatum-doloribus-quis-ea-et-ratione-eum-in', 94, 'https://picsum.photos/640/480', 'Vel quidem sint et et est aspernatur. Ducimus dignissimos soluta enim aperiam veniam. Iste dolores dolores nihil reprehenderit dolorem. Asperiores ad esse at cumque est. Optio consectetur suscipit animi sint eos. Eaque facilis perferendis in assumenda. Dolores corporis nobis animi ad.', '2023-02-15 18:48:37', '2023-02-15 18:48:37'),
(54, 43, 8, 'Deleniti excepturi illum sint illo cumque.', 'deleniti-excepturi-illum-sint-illo-cumque', 49, 'https://picsum.photos/640/480', 'Vel fugit beatae quasi omnis quos dolores. Id quasi eligendi placeat ut eum magni nulla. Porro vero rerum ut voluptas. Recusandae sit in dolor fugiat.', '2023-02-15 18:48:37', '2023-02-15 18:48:37'),
(55, 6, 7, 'Reiciendis est dolore in illo vel tempore accusantium earum.', 'reiciendis-est-dolore-in-illo-vel-tempore-accusantium-earum', 11, 'https://picsum.photos/640/480', 'Autem eius laboriosam a placeat cupiditate. Qui soluta debitis quia nemo qui. Deserunt dolores et dolorum enim. Magnam aut reprehenderit expedita et.', '2023-02-15 18:48:37', '2023-02-15 18:48:37'),
(56, 29, 9, 'Optio officia quibusdam error distinctio natus laborum.', 'optio-officia-quibusdam-error-distinctio-natus-laborum', 80, 'https://picsum.photos/640/480', 'Tempore aliquid autem nam autem quia id. Fuga deserunt corporis deleniti fuga. Quos laudantium ipsum ex earum fugiat. Beatae assumenda et dolorem voluptatem ut nemo. Ipsa molestiae minima maxime consectetur minima exercitationem.', '2023-02-15 18:48:37', '2023-02-15 18:48:37'),
(57, 96, 4, 'Qui odit cupiditate nam ducimus ut mollitia quidem maiores.', 'qui-odit-cupiditate-nam-ducimus-ut-mollitia-quidem-maiores', 11, 'https://picsum.photos/640/480', 'Voluptatem non laborum in non debitis. Iste consectetur nulla fugit sed. Maiores corrupti magni ut sunt quo. Ducimus necessitatibus consequuntur impedit natus fugiat quo a velit. Cum sapiente autem ut quibusdam nam. Dolorum et vel delectus est ducimus.', '2023-02-15 18:48:37', '2023-02-15 18:48:37'),
(58, 60, 6, 'Non repellat vel magnam.', 'non-repellat-vel-magnam', 73, 'https://picsum.photos/640/480', 'Est architecto impedit qui aspernatur doloribus. Aliquid quibusdam ipsa soluta rerum. Eaque ea rem veniam. Natus dignissimos alias ut eum. Velit error incidunt illo sint itaque maiores. Qui at velit est ut rerum ducimus necessitatibus. Soluta magnam rerum consequatur delectus.', '2023-02-15 18:48:37', '2023-02-15 18:48:37'),
(59, 3, 3, 'Et ipsam dolorem dolor voluptate.', 'et-ipsam-dolorem-dolor-voluptate', 84, 'https://picsum.photos/640/480', 'Quaerat ducimus hic voluptatem. Aspernatur inventore nihil aut ipsum aut. Et perferendis magni pariatur rerum non. Et est eos est sit eos ea sed. Ipsum sit reprehenderit porro qui. Commodi odio harum maxime eligendi molestiae. Quis et tenetur sed voluptatem alias quo.', '2023-02-15 18:48:37', '2023-02-15 18:48:37'),
(60, 34, 10, 'Nemo odit provident asperiores ut voluptas.', 'nemo-odit-provident-asperiores-ut-voluptas', 64, 'https://picsum.photos/640/480', 'Aut molestiae repellat accusamus soluta ut ut. Distinctio qui pariatur soluta aut esse non minima eum. Ut facere amet ut officia quia neque. Rem delectus tempore quia est porro cum. Eum aut exercitationem cum asperiores.', '2023-02-15 18:48:37', '2023-02-15 18:48:37'),
(61, 78, 10, 'Iste unde tempora repellat voluptatem laborum.', 'iste-unde-tempora-repellat-voluptatem-laborum', 85, 'https://picsum.photos/640/480', 'Voluptate molestias eveniet amet aut dolor cupiditate et. Ad eveniet alias commodi aut ut exercitationem. Dignissimos placeat quos sunt consequatur ipsa deleniti. Enim aut eos ipsam sed temporibus. Omnis magnam est et voluptatem sit hic nihil.', '2023-02-15 18:48:37', '2023-02-15 18:48:37'),
(62, 43, 10, 'Praesentium facilis quibusdam rerum laudantium.', 'praesentium-facilis-quibusdam-rerum-laudantium', 85, 'https://picsum.photos/640/480', 'Animi voluptatem architecto optio quia dolorum. Et facere qui laboriosam. Pariatur eos dignissimos quasi voluptatum id molestiae. Voluptatum vero in ipsa quis eos dolorem.', '2023-02-15 18:48:37', '2023-02-15 18:48:37'),
(63, 54, 5, 'Voluptas dolorem enim voluptates.', 'voluptas-dolorem-enim-voluptates', 13, 'https://picsum.photos/640/480', 'Exercitationem qui et minus occaecati labore. Magni voluptates repellendus nesciunt et dolor. Officia nisi quia corporis ea laudantium ipsum aspernatur. Repellendus et quia sed. Enim voluptas quisquam eveniet quasi voluptas suscipit. Dolorem ipsa tempora dolorum porro velit voluptatem.', '2023-02-15 18:48:37', '2023-02-15 18:48:37'),
(64, 9, 9, 'Aut et ut sed rem fugiat molestiae dignissimos.', 'aut-et-ut-sed-rem-fugiat-molestiae-dignissimos', 11, 'https://picsum.photos/640/480', 'Ut ipsum possimus quae iusto illum architecto sequi. Placeat quos eos quasi voluptas id labore. Odio dolorum doloremque consectetur sequi. Laboriosam iure ea ratione impedit in delectus et provident. Consequatur corporis quia doloribus recusandae laudantium reiciendis. Et quidem amet qui officiis autem.', '2023-02-15 18:48:37', '2023-02-15 18:48:37'),
(65, 87, 1, 'Necessitatibus pariatur aut suscipit aut ipsam.', 'necessitatibus-pariatur-aut-suscipit-aut-ipsam', 42, 'https://picsum.photos/640/480', 'Ex officia qui architecto cumque nihil. Ullam molestiae vel enim. Quas sed minus ut ea quis. Quod et rem ut assumenda dolorem cumque. Veniam ut omnis ut quibusdam exercitationem iusto fugiat. Occaecati dolorem quidem omnis sint tempore. Quaerat animi laborum animi dolore sapiente delectus velit.', '2023-02-15 18:48:37', '2023-02-15 18:48:37'),
(66, 58, 10, 'Et earum et accusantium est.', 'et-earum-et-accusantium-est', 85, 'https://picsum.photos/640/480', 'Quia velit laboriosam voluptas rerum non et. Perspiciatis dignissimos hic et assumenda. At non est inventore aut exercitationem. Voluptates voluptatem qui aut ducimus animi quo impedit.', '2023-02-15 18:48:37', '2023-02-15 18:48:37'),
(67, 72, 5, 'Qui quia qui nisi.', 'qui-quia-qui-nisi', 34, 'https://picsum.photos/640/480', 'Qui modi sunt ut dolorem laudantium consequuntur corporis. Sit consequatur dolorum deleniti est eveniet sit sint. Cumque provident enim consequatur id. Quo et aut aut a commodi mollitia. Adipisci et accusamus repellendus accusamus autem. Qui exercitationem optio iste rerum quis quo.', '2023-02-15 18:48:37', '2023-02-15 18:48:37'),
(68, 44, 9, 'Qui maxime ut alias.', 'qui-maxime-ut-alias', 55, 'https://picsum.photos/640/480', 'Illo a rerum tempora est nam harum fugit. Accusantium eius in blanditiis. Omnis inventore dolor laboriosam odit possimus. Atque aut doloribus quia omnis labore. Nisi iste eligendi sint nisi aut et eaque. Excepturi omnis fugiat qui est quia.', '2023-02-15 18:48:37', '2023-02-15 18:48:37'),
(69, 32, 10, 'Aliquid ad consectetur quo rerum.', 'aliquid-ad-consectetur-quo-rerum', 50, 'https://picsum.photos/640/480', 'Modi totam exercitationem et et. Rerum dignissimos maxime modi nobis qui. Rem aut sint tempora ea provident veniam. Labore voluptates exercitationem deserunt tenetur et culpa. Deleniti nemo minima voluptas alias possimus est nesciunt.', '2023-02-15 18:48:37', '2023-02-15 18:48:37'),
(70, 54, 5, 'Quidem cupiditate esse eum in soluta.', 'quidem-cupiditate-esse-eum-in-soluta', 57, 'https://picsum.photos/640/480', 'Nobis sit nemo officia rerum. Id sed expedita aut deleniti dolorem rerum vel eos. Repellat eligendi officiis maiores nobis molestiae quae alias. Accusamus sed nihil asperiores ut. Ea cum quaerat minima sed nihil quis. Aut quo sunt natus velit. Quas saepe a error libero blanditiis nisi iste magnam.', '2023-02-15 18:48:37', '2023-02-15 18:48:37'),
(71, 96, 1, 'Quia dolores iusto libero laboriosam molestiae.', 'quia-dolores-iusto-libero-laboriosam-molestiae', 34, 'https://picsum.photos/640/480', 'Voluptatibus quam officiis ipsa. Iure id accusamus et. Autem dolorem animi corrupti accusantium. Quia incidunt impedit sed est molestiae est voluptate qui. Laudantium explicabo omnis totam sed nihil.', '2023-02-15 18:48:37', '2023-02-15 18:48:37'),
(72, 73, 9, 'Quam voluptatibus veniam qui.', 'quam-voluptatibus-veniam-qui', 77, 'https://picsum.photos/640/480', 'Et sunt adipisci eos architecto nulla et. Accusamus neque aut est repellat sed. Inventore itaque possimus dolorem porro iste consequatur. Dolorum excepturi quo quam illo perferendis. Quasi cum ut non quae et. Itaque dolores qui explicabo amet est.', '2023-02-15 18:48:37', '2023-02-15 18:48:37'),
(73, 49, 4, 'Vitae reiciendis ipsa non suscipit corporis sunt est.', 'vitae-reiciendis-ipsa-non-suscipit-corporis-sunt-est', 70, 'https://picsum.photos/640/480', 'Nihil possimus praesentium labore ut. Quam error delectus delectus ea praesentium. Alias voluptas ut quae temporibus a. Fugit voluptatem quisquam qui perspiciatis amet molestiae sint ullam. Adipisci ut asperiores eum soluta voluptatum deleniti iure. Tenetur provident nisi et aut vel fugit totam omnis.', '2023-02-15 18:48:37', '2023-02-15 18:48:37'),
(74, 99, 4, 'Et minima aliquam est nostrum quisquam voluptatum rerum debitis.', 'et-minima-aliquam-est-nostrum-quisquam-voluptatum-rerum-debitis', 31, 'https://picsum.photos/640/480', 'Dicta aut qui modi nam quis ut officiis quo. Adipisci maxime qui est consequuntur. Dolorem laboriosam natus delectus neque. Eveniet eligendi dolor omnis et.', '2023-02-15 18:48:37', '2023-02-15 18:48:37'),
(75, 52, 8, 'Accusantium distinctio et accusamus ut est veritatis.', 'accusantium-distinctio-et-accusamus-ut-est-veritatis', 21, 'https://picsum.photos/640/480', 'Repudiandae enim deleniti maiores fugiat ut est. Impedit autem quas et quasi cumque quia. Placeat et sapiente voluptatem doloribus. Qui ratione fugiat libero voluptatum officiis. Sed culpa ipsum tempore voluptas voluptatem accusantium. Vel et repellat nulla libero aspernatur sint. Odio error enim libero expedita explicabo ut doloribus.', '2023-02-15 18:48:37', '2023-02-15 18:48:37'),
(76, 74, 7, 'Veritatis placeat magnam sunt cumque dolores dolor iure minima.', 'veritatis-placeat-magnam-sunt-cumque-dolores-dolor-iure-minima', 72, 'https://picsum.photos/640/480', 'Omnis illo rerum voluptas nesciunt consequatur qui. Molestiae labore temporibus est. Nihil repellendus id esse possimus. Vero odit repudiandae sint nihil dolores sed sed. Enim nemo blanditiis praesentium natus voluptates perspiciatis. Aliquid blanditiis voluptas adipisci.', '2023-02-15 18:48:37', '2023-02-15 18:48:37'),
(77, 76, 6, 'Et autem dolor fuga est minus dolores.', 'et-autem-dolor-fuga-est-minus-dolores', 44, 'https://picsum.photos/640/480', 'Dolores ut quis quia velit laboriosam nulla. Accusamus qui culpa ipsa ab. Dicta ullam labore quaerat quis eum error. Dolor exercitationem earum non eum nesciunt laboriosam. Placeat ad corrupti vel animi. Suscipit animi doloribus est rerum earum cupiditate.', '2023-02-15 18:48:37', '2023-02-15 18:48:37');
INSERT INTO `posts` (`id`, `user_id`, `category_id`, `title`, `slug`, `visits`, `image`, `description`, `created_at`, `updated_at`) VALUES
(78, 20, 7, 'Voluptate iure est nobis voluptatibus at.', 'voluptate-iure-est-nobis-voluptatibus-at', 73, 'https://picsum.photos/640/480', 'Quas vitae ut cupiditate accusantium dicta perferendis nisi. Ea aut voluptatem tempora quo alias blanditiis pariatur. Temporibus nihil consequatur sed doloribus consequatur. Non molestiae dolor ut tenetur. Dolores aspernatur nulla possimus itaque. Praesentium adipisci et laboriosam itaque facere accusantium. Quia sint recusandae sequi vero dolor dolorem.', '2023-02-15 18:48:37', '2023-02-15 18:48:37'),
(79, 58, 4, 'Dignissimos consequatur qui facere dolor.', 'dignissimos-consequatur-qui-facere-dolor', 37, 'https://picsum.photos/640/480', 'Enim dolore consequatur qui officiis culpa ipsa quis. Accusantium quam voluptatem doloremque est quo totam corporis. Minus ad hic id ea blanditiis. Sequi consequuntur ut sunt at et esse et. Harum assumenda quia magnam accusantium iure doloribus.', '2023-02-15 18:48:37', '2023-02-15 18:48:37'),
(80, 11, 4, 'Ut ut odit eos iste dicta ab dolorem.', 'ut-ut-odit-eos-iste-dicta-ab-dolorem', 82, 'https://picsum.photos/640/480', 'Occaecati odit est autem soluta asperiores. Corporis inventore quasi recusandae dolorum doloribus magnam. Saepe dolores sit corrupti fuga vero. Voluptatem molestias ducimus voluptas provident eum.', '2023-02-15 18:48:37', '2023-02-15 18:48:37'),
(81, 24, 7, 'Voluptates dolorem et dolores.', 'voluptates-dolorem-et-dolores', 92, 'https://picsum.photos/640/480', 'Eos cum debitis assumenda molestiae dolores recusandae maiores quisquam. Et vero illo sunt a. Quisquam voluptas in aut autem. Earum cumque veritatis placeat et ratione inventore libero non.', '2023-02-15 18:48:37', '2023-02-15 18:48:37'),
(82, 52, 10, 'Aut officia blanditiis sed eius fugit.', 'aut-officia-blanditiis-sed-eius-fugit', 49, 'https://picsum.photos/640/480', 'Cupiditate aut quod fuga aliquid aut odit a. Deleniti et qui quaerat. Tempore vel necessitatibus sit perspiciatis. Quia nihil omnis nulla quia in. Minima repellendus voluptas ipsum accusamus.', '2023-02-15 18:48:37', '2023-02-15 18:48:37'),
(83, 70, 5, 'Expedita possimus earum laborum eos voluptatibus itaque vel.', 'expedita-possimus-earum-laborum-eos-voluptatibus-itaque-vel', 99, 'https://picsum.photos/640/480', 'Repellendus velit aut ipsa ut consequuntur. Et voluptas debitis sint est nulla facilis qui aspernatur. Facere quae et eligendi consequatur eos excepturi quia praesentium. Laudantium eligendi culpa aut assumenda nostrum explicabo. Voluptas enim doloribus rerum asperiores. Tempora omnis qui provident eum beatae.', '2023-02-15 18:48:37', '2023-02-15 18:48:37'),
(84, 59, 1, 'Ut ab numquam rerum.', 'ut-ab-numquam-rerum', 1, 'https://picsum.photos/640/480', 'Fugit fugiat quia sequi quo ad. Corporis quae et at porro. Dolor voluptatum quia reprehenderit tempora iusto. Quia ad earum voluptatem suscipit et. Quia animi veniam sapiente quis et. Qui quaerat nobis sunt quia. Rerum est et delectus voluptatem magnam non.', '2023-02-15 18:48:37', '2023-02-15 18:48:37'),
(85, 14, 9, 'Reprehenderit tempora cupiditate at.', 'reprehenderit-tempora-cupiditate-at', 41, 'https://picsum.photos/640/480', 'Dolores impedit dolore id reprehenderit omnis molestiae fuga officia. Sunt debitis voluptatem assumenda et molestias. Quae rerum qui aut ab voluptates. Veritatis veniam sed ipsam nam ut facere voluptatum. Est sunt aliquid optio nam.', '2023-02-15 18:48:37', '2023-02-15 18:48:37'),
(86, 81, 1, 'Rerum quisquam reprehenderit maxime magni eveniet cupiditate libero.', 'rerum-quisquam-reprehenderit-maxime-magni-eveniet-cupiditate-libero', 17, 'https://picsum.photos/640/480', 'Ea maxime fugit id et adipisci facilis. Eaque illo nihil optio aliquam labore ea. Sint sequi possimus praesentium quo. Sunt ex harum corrupti doloremque beatae. Dolor reiciendis quia eos commodi et dolor odio. Illo aspernatur hic sit expedita illo.', '2023-02-15 18:48:37', '2023-02-15 18:48:37'),
(87, 85, 5, 'Repellendus non quo aut inventore quibusdam reprehenderit.', 'repellendus-non-quo-aut-inventore-quibusdam-reprehenderit', 47, 'https://picsum.photos/640/480', 'Veniam et omnis omnis ullam eos. Harum recusandae ipsum illo. Ut reiciendis occaecati modi at reiciendis. Harum doloremque ipsum sed reiciendis illo voluptatem. Labore ducimus et ut placeat nesciunt sed unde. Aspernatur culpa voluptatem repellendus consequuntur.', '2023-02-15 18:48:37', '2023-02-15 18:48:37'),
(88, 45, 1, 'Fuga rerum voluptas corrupti excepturi.', 'fuga-rerum-voluptas-corrupti-excepturi', 83, 'https://picsum.photos/640/480', 'Et facere sapiente nihil qui nulla explicabo. Quasi totam nesciunt sed deleniti qui sequi a. Temporibus id ipsa aut sunt inventore id laboriosam. Aut ut aut ut facilis est laborum et.', '2023-02-15 18:48:37', '2023-02-15 18:48:37'),
(89, 69, 2, 'Aliquam possimus vitae itaque officia ea.', 'aliquam-possimus-vitae-itaque-officia-ea', 70, 'https://picsum.photos/640/480', 'Officiis qui aut soluta numquam similique tempora. A tempora sit nostrum aut. Nulla non sit numquam ut. Asperiores et ea quasi eum officia.', '2023-02-15 18:48:37', '2023-02-15 18:48:37'),
(90, 73, 7, 'Architecto ut eaque dolorem veniam ullam magni natus.', 'architecto-ut-eaque-dolorem-veniam-ullam-magni-natus', 8, 'https://picsum.photos/640/480', 'Quia autem repudiandae ipsa. Mollitia consequatur consequuntur sit nemo aut dolorum ex incidunt. Et reprehenderit nam ea quas facilis reiciendis odit. Voluptate consequatur sapiente non ratione dolores. Vitae omnis ratione sit.', '2023-02-15 18:48:37', '2023-02-15 18:48:37'),
(91, 44, 5, 'Iure neque ab ea beatae adipisci.', 'iure-neque-ab-ea-beatae-adipisci', 61, 'https://picsum.photos/640/480', 'Est illum illo non nulla sed qui voluptatem. Nihil nihil ab voluptatem. Ut at qui laborum fugiat cum tenetur. Qui blanditiis modi eos ducimus commodi nihil est. Accusantium cumque nulla accusantium. Qui molestiae vitae inventore qui quis.', '2023-02-15 18:48:37', '2023-02-15 18:48:37'),
(92, 97, 9, 'Fugit id architecto est est ipsam.', 'fugit-id-architecto-est-est-ipsam', 62, 'https://picsum.photos/640/480', 'Sed adipisci aut sunt. Aut in quis cum. Amet necessitatibus a enim excepturi ut. Ipsum iusto ad minus. Et minus eveniet qui asperiores. Praesentium optio sed consectetur minima quos numquam. Aut est minima repellat expedita quia cumque non aut.', '2023-02-15 18:48:37', '2023-02-15 18:48:37'),
(93, 36, 3, 'Molestiae temporibus voluptatum vel sed deleniti porro.', 'molestiae-temporibus-voluptatum-vel-sed-deleniti-porro', 66, 'https://picsum.photos/640/480', 'Alias nisi enim dolor tenetur voluptatem delectus non. Doloremque voluptate aut atque nobis omnis qui. Animi veritatis at voluptatem magni inventore. Laboriosam vel enim consequuntur numquam. Provident et et ut tenetur et odio. Et beatae aperiam rem. Ducimus at repudiandae est porro et architecto.', '2023-02-15 18:48:37', '2023-02-15 18:48:37'),
(94, 87, 6, 'Quam et sit voluptatum enim veniam.', 'quam-et-sit-voluptatum-enim-veniam', 64, 'https://picsum.photos/640/480', 'Eius deserunt architecto eum quam. Officiis voluptatum sunt eum rerum sequi. Aut odio a magnam earum sint molestiae id. Unde amet non voluptatem occaecati mollitia eius. Reiciendis laborum quia et repudiandae culpa cum odit. Rem suscipit fugiat nostrum. Aut alias vel aliquid cupiditate hic molestias.', '2023-02-15 18:48:37', '2023-02-15 18:48:37'),
(95, 66, 2, 'Perspiciatis distinctio non temporibus expedita.', 'perspiciatis-distinctio-non-temporibus-expedita', 12, 'https://picsum.photos/640/480', 'Repellat et minus esse id soluta deleniti soluta. Ex exercitationem blanditiis omnis et ullam fuga. Mollitia dolorum quas dolores consequuntur consequatur a quo. Iusto deleniti aut consequatur modi enim nemo. Explicabo nesciunt nemo facere ratione nesciunt quos assumenda. Quidem qui consequatur amet delectus.', '2023-02-15 18:48:37', '2023-02-15 18:48:37'),
(96, 18, 10, 'Vel error mollitia nihil.', 'vel-error-mollitia-nihil', 33, 'https://picsum.photos/640/480', 'Quas nobis quis labore harum. Veritatis blanditiis delectus enim voluptas fugit. Veritatis voluptatibus fugiat et hic ea qui fuga molestias. Rem est fugiat eaque ut officiis. Provident quisquam error rerum recusandae ut.', '2023-02-15 18:48:37', '2023-02-15 18:48:37'),
(97, 81, 1, 'Eum vero incidunt non debitis doloremque autem.', 'eum-vero-incidunt-non-debitis-doloremque-autem', 12, 'https://picsum.photos/640/480', 'Dolore quis saepe quidem sunt voluptatem ut. Consequatur adipisci qui molestias commodi velit omnis quia. Non et voluptas sint nobis eveniet. Facilis veniam eum et fugit ut debitis.', '2023-02-15 18:48:37', '2023-02-15 18:48:37'),
(98, 74, 10, 'Doloremque dolore est ratione culpa.', 'doloremque-dolore-est-ratione-culpa', 30, 'https://picsum.photos/640/480', 'Ipsa et aut sed soluta sed officia. Reprehenderit corrupti omnis ea qui sint omnis. Ut cupiditate iusto at repellendus distinctio. Laudantium id velit voluptatem illo atque. Et non aliquid asperiores non consequatur. Temporibus enim itaque est id delectus eum enim.', '2023-02-15 18:48:37', '2023-02-15 18:48:37'),
(99, 27, 6, 'Est debitis corporis omnis repudiandae voluptas.', 'est-debitis-corporis-omnis-repudiandae-voluptas', 66, 'https://picsum.photos/640/480', 'Porro ut fugit voluptas ullam animi quia excepturi. In debitis porro odit dolorum sit deserunt. Ullam eum qui quidem quaerat deleniti. Aliquid id id sed qui eaque voluptates non. Odit rerum similique minima explicabo.', '2023-02-15 18:48:37', '2023-02-15 18:48:37'),
(100, 76, 7, 'Quasi iure eius expedita ut nihil adipisci.', 'quasi-iure-eius-expedita-ut-nihil-adipisci', 29, 'https://picsum.photos/640/480', 'Error quasi quia iusto quaerat autem odit reiciendis. Earum accusantium ex esse totam laboriosam quasi facilis. Ut fugiat ut saepe eveniet. Necessitatibus quia quo unde beatae excepturi voluptatem sit. Occaecati aut voluptatum quasi molestiae repudiandae perferendis officia voluptatum.', '2023-02-15 18:48:37', '2023-02-15 18:48:37');

INSERT INTO `replies` (`id`, `user_id`, `comment_id`, `comment`, `created_at`, `updated_at`) VALUES
(1, 68, 36, 'Quasi voluptas incidunt placeat possimus odit accusantium. Ea sapiente dolore ut voluptatem qui ut eius. Pariatur consequatur non qui repudiandae omnis expedita.', '2023-02-15 18:48:37', '2023-02-15 18:48:37');
INSERT INTO `replies` (`id`, `user_id`, `comment_id`, `comment`, `created_at`, `updated_at`) VALUES
(2, 40, 49, 'Quod quas quis qui ut quia. Ut aliquid sint eum tempora ab aliquam ut. Et dolor provident ut. Quos quo in tenetur atque provident est.', '2023-02-15 18:48:37', '2023-02-15 18:48:37');
INSERT INTO `replies` (`id`, `user_id`, `comment_id`, `comment`, `created_at`, `updated_at`) VALUES
(3, 39, 14, 'Sed aut labore distinctio magni numquam nobis culpa. Sint consequuntur aut consectetur facilis eos ut. Nihil dolorem eius animi earum vel amet. Quae ducimus eum ea qui.', '2023-02-15 18:48:37', '2023-02-15 18:48:37');
INSERT INTO `replies` (`id`, `user_id`, `comment_id`, `comment`, `created_at`, `updated_at`) VALUES
(4, 66, 8, 'Facilis et non perferendis debitis quibusdam quis. Ipsum aliquid perferendis qui voluptas. Quis porro voluptatum et.', '2023-02-15 18:48:37', '2023-02-15 18:48:37'),
(5, 23, 60, 'Culpa officia accusantium quibusdam architecto eos. Tempora enim dicta eius ut tenetur numquam mollitia. Delectus id autem id esse qui voluptatem rem.', '2023-02-15 18:48:37', '2023-02-15 18:48:37'),
(6, 4, 11, 'At unde quidem aut sed. Non voluptatum mollitia dolorum quam omnis est magni. Sint aut distinctio voluptatum.', '2023-02-15 18:48:37', '2023-02-15 18:48:37'),
(7, 96, 59, 'Voluptatem maiores impedit aut fuga similique minima. Dolor dolor aut amet quasi impedit. Sed magnam veritatis quo et aut voluptas consequatur sunt.', '2023-02-15 18:48:37', '2023-02-15 18:48:37'),
(8, 70, 5, 'Aspernatur ea dolores quod mollitia. Ea quis debitis quis cumque dolorem.', '2023-02-15 18:48:37', '2023-02-15 18:48:37'),
(9, 14, 17, 'Aut necessitatibus officiis cumque corrupti. Tenetur reiciendis qui dolore vero sed eius. Provident assumenda assumenda incidunt neque nesciunt sit dicta eaque. Magnam aut sint et recusandae.', '2023-02-15 18:48:37', '2023-02-15 18:48:37'),
(10, 90, 13, 'Aperiam ducimus ut est et illum molestias unde ratione. Sint earum esse reprehenderit rerum qui. Et sapiente maiores magni sapiente alias ut. Quia exercitationem tenetur nihil fugit.', '2023-02-15 18:48:37', '2023-02-15 18:48:37'),
(11, 61, 30, 'Earum odit quas aut placeat sed nesciunt et. Quae itaque molestiae nemo fugiat laboriosam nostrum. Qui asperiores ipsam qui voluptates.', '2023-02-15 18:48:37', '2023-02-15 18:48:37'),
(12, 75, 70, 'Nesciunt accusamus omnis sequi similique incidunt quisquam tempore. Qui voluptatem sunt odit voluptatibus enim sapiente. A vero voluptas et consectetur nemo quibusdam maxime.', '2023-02-15 18:48:37', '2023-02-15 18:48:37'),
(13, 84, 56, 'Nulla exercitationem veniam nisi minus praesentium aspernatur. Neque ab minus quia ea. Culpa dolores aperiam illum quas. Nam quia quaerat cupiditate.', '2023-02-15 18:48:37', '2023-02-15 18:48:37'),
(14, 70, 2, 'Mollitia unde ullam alias omnis quas. Rerum explicabo et sed voluptas et est. In quas autem explicabo ipsum. Earum ullam sed minus.', '2023-02-15 18:48:37', '2023-02-15 18:48:37'),
(15, 2, 45, 'Eius culpa necessitatibus architecto eligendi occaecati. Veniam accusantium repudiandae sed numquam ullam. Alias sunt nemo id. Perspiciatis est nihil veritatis et et autem eaque.', '2023-02-15 18:48:37', '2023-02-19 23:43:49'),
(16, 6, 86, 'Aut eum quo vitae sunt nobis tempora. Voluptatem magni ab totam ipsam quasi consequatur iste corporis. A beatae ab veniam et voluptates consequuntur esse. Aliquid rerum aliquam magnam alias.', '2023-02-15 18:48:37', '2023-02-15 18:48:37'),
(17, 44, 3, 'Est ut asperiores magnam ex facere perferendis. Nulla dolores ipsum deserunt aut accusamus. Magnam ut assumenda culpa labore.', '2023-02-15 18:48:37', '2023-02-15 18:48:37'),
(18, 23, 17, 'Placeat placeat necessitatibus harum vero sapiente est est. Distinctio est odio odit nam. Assumenda dolor assumenda ducimus optio eum iusto.', '2023-02-15 18:48:37', '2023-02-15 18:48:37'),
(19, 13, 86, 'Tempore ipsum suscipit et maxime quo consequatur. Dolorum molestiae voluptatibus dignissimos enim itaque. Tenetur et natus officia.', '2023-02-15 18:48:37', '2023-02-15 18:48:37'),
(20, 83, 12, 'Commodi asperiores suscipit ab nostrum quibusdam. Porro tenetur consequatur soluta quos possimus eius. At qui velit aliquam alias sed. Omnis aperiam omnis non deserunt ex.', '2023-02-15 18:48:37', '2023-02-15 18:48:37'),
(21, 75, 19, 'Harum et voluptatem numquam eos fugit reiciendis. Deserunt sed quo nisi occaecati. Culpa minus in facilis pariatur pariatur hic deleniti in.', '2023-02-15 18:48:37', '2023-02-15 18:48:37'),
(22, 42, 93, 'Quia quaerat molestias est ullam quos. Occaecati et quia deleniti aut consequatur non sapiente qui. Fuga magni deleniti minus sint et dolorum sint. Dolore similique ea et quae veniam quas.', '2023-02-15 18:48:37', '2023-02-15 18:48:37'),
(23, 74, 49, 'Deserunt dolores sequi blanditiis omnis rerum impedit. Ad numquam placeat eligendi distinctio ullam ut sed. Temporibus nihil dolor dolorem blanditiis nihil placeat id. Reprehenderit inventore numquam ut aut.', '2023-02-15 18:48:37', '2023-02-15 18:48:37'),
(24, 1, 68, 'Voluptatum accusantium ex molestiae repudiandae aliquid deleniti quis. Error voluptatum harum eum assumenda quas. Delectus dolor id molestiae praesentium pariatur distinctio.', '2023-02-15 18:48:37', '2023-02-15 18:48:37'),
(25, 79, 12, 'Ea qui assumenda eum voluptate earum qui hic. Totam eveniet quis sapiente rerum omnis.', '2023-02-15 18:48:37', '2023-02-15 18:48:37'),
(26, 28, 48, 'Quaerat nihil consequuntur placeat aperiam nostrum. Facilis eligendi esse esse occaecati harum sapiente deserunt. Ducimus et vel ratione.', '2023-01-15 18:48:37', '2023-02-16 14:34:47'),
(27, 83, 10, 'Nobis laboriosam quae enim minima dolores. In culpa id incidunt. Ut itaque velit qui. Ut sit rerum dolore atque non.', '2023-02-15 18:48:37', '2023-02-15 18:48:37'),
(28, 77, 22, 'Et ea omnis aut qui voluptatem. Accusamus tenetur rerum quia sunt.', '2023-02-15 18:48:37', '2023-02-15 18:48:37'),
(29, 49, 7, 'Voluptates aliquid ut nihil dignissimos omnis. Cum sit dicta libero nemo quo maxime tempora. Reiciendis non ad veritatis. Temporibus molestias et dolore sed.', '2023-02-15 18:48:37', '2023-02-15 18:48:37'),
(30, 17, 39, 'Quod nobis voluptatem sed voluptatem. Adipisci maxime ipsa aut vero. Pariatur voluptatem sed eos temporibus molestiae ad expedita.', '2023-02-15 18:48:37', '2023-02-15 18:48:37'),
(31, 72, 36, 'Consequatur quo molestiae maxime ipsa. Aut atque consequatur perferendis architecto repellat qui. A et eos voluptatem sint dignissimos.', '2023-02-15 18:48:37', '2023-02-15 18:48:37'),
(32, 16, 26, 'Commodi similique omnis voluptate autem reprehenderit. Explicabo dolores laudantium voluptas laboriosam provident fuga. Mollitia nostrum pariatur et commodi et eos.', '2023-02-15 18:48:37', '2023-02-15 18:48:37'),
(33, 51, 86, 'Molestiae et rerum ipsam et. Quia quaerat voluptas est nihil deserunt a. Sequi fugiat aperiam eaque cupiditate dolorum. Non maiores in culpa minima consequuntur eos. Voluptatem qui facilis ducimus quas repellat eius similique in.', '2023-02-15 18:48:37', '2023-02-15 18:48:37'),
(34, 28, 88, 'Labore quidem ipsa voluptas. Aspernatur quia doloribus velit veniam. Sint molestiae cupiditate deleniti placeat. Natus recusandae dolores facilis laboriosam.', '2023-02-15 18:48:37', '2023-02-15 18:48:37'),
(35, 64, 25, 'Incidunt odio quae reprehenderit cumque. Voluptatem assumenda impedit nisi nobis. Enim reprehenderit dolores aut.', '2023-02-15 18:48:37', '2023-02-15 18:48:37'),
(36, 55, 78, 'Aut accusamus exercitationem velit. Fuga unde nihil aut et accusamus voluptate sit. Ea et impedit quod ut. Dolores iste dolores at provident expedita vero.', '2023-02-15 18:48:37', '2023-02-15 18:48:37'),
(37, 12, 92, 'Quo sunt tempore eos illum saepe. Aut qui perferendis voluptatem. Dicta voluptate laboriosam quo incidunt sapiente.', '2023-02-15 18:48:37', '2023-02-15 18:48:37'),
(38, 35, 43, 'Eum id at autem magnam et esse voluptas. Deleniti labore aliquid tempora et saepe nihil. Et sint debitis nobis quasi. Ut repellat qui sunt quisquam ut nemo nisi.', '2023-02-15 18:48:37', '2023-02-15 18:48:37'),
(39, 13, 89, 'Odit sapiente ut eaque at et aut impedit. Qui aut culpa maiores dolor. Error atque aliquam quasi quo dolorem. Eaque nostrum sed ducimus praesentium.', '2023-02-15 18:48:37', '2023-02-15 18:48:37'),
(40, 88, 7, 'Ut et quam exercitationem ut commodi error culpa. Omnis magni perferendis et optio aliquam eligendi. Non ducimus et cum.', '2023-02-15 18:48:37', '2023-02-15 18:48:37'),
(41, 56, 74, 'At minus aut beatae natus accusantium. Culpa modi odit ullam id ipsam consequatur sit. Dolorum natus quis nulla qui ut reiciendis qui et. Magni occaecati exercitationem asperiores ut delectus explicabo.', '2023-02-15 18:48:37', '2023-02-15 18:48:37'),
(42, 36, 82, 'Alias sint rerum iure. Deserunt et iusto aut. Recusandae exercitationem aut corporis aliquam sint. Occaecati modi omnis fugit consequuntur quaerat.', '2023-02-15 18:48:37', '2023-02-15 18:48:37'),
(43, 81, 94, 'Iste libero voluptatibus quaerat consequatur. Est omnis esse minus voluptatem cum rerum. Qui et labore consequatur officiis quia nihil.', '2023-02-15 18:48:37', '2023-02-15 18:48:37'),
(44, 44, 70, 'Et dignissimos magni nulla omnis repellendus aut amet. Consequatur excepturi nihil blanditiis sed. Neque nemo dolorem laboriosam quo aut hic impedit et. Tempore repellat quasi architecto vero voluptatem amet.', '2023-02-15 18:48:37', '2023-02-15 18:48:37'),
(45, 20, 62, 'Omnis dolorem ut nisi iste. Eos voluptatibus aut nam ut iure ut. Et et sunt tenetur cupiditate repellendus adipisci aperiam harum. Temporibus vero ut repellendus sunt facilis illum magni in. Quia aut voluptatibus eum perferendis.', '2023-02-15 18:48:37', '2023-02-15 18:48:37'),
(46, 94, 89, 'Nisi quia enim aut error nobis aspernatur voluptatem rerum. Et explicabo voluptas qui iusto. Sapiente molestiae eum hic voluptatum.', '2023-02-15 18:48:37', '2023-02-15 18:48:37'),
(47, 1, 42, 'Eum aut vitae assumenda nam quidem dicta. Est asperiores laboriosam et laborum distinctio eos sunt. Eos cum non enim quod. Voluptate cupiditate incidunt reprehenderit saepe est cumque pariatur quos.', '2023-02-15 18:48:37', '2023-02-15 18:48:37'),
(48, 23, 4, 'Fugit temporibus ducimus minima odio natus pariatur. Et autem explicabo sint ut nobis qui. Rerum voluptatem voluptatem adipisci laboriosam sequi quia nemo. Cum est illum expedita fugiat.', '2023-02-15 18:48:37', '2023-02-15 18:48:37'),
(49, 48, 97, 'Et dicta aliquam id rerum nihil excepturi sapiente quos. Sequi eius eum sit accusamus accusamus. Rerum odit occaecati fugiat ipsum. Eos repudiandae ab illo doloribus. Molestiae numquam natus itaque excepturi dicta dicta.', '2023-02-15 18:48:37', '2023-02-15 18:48:37'),
(50, 42, 93, 'Quibusdam ea architecto cumque et. Quasi necessitatibus omnis dolor nulla tenetur est asperiores. Quia ea qui velit nihil et nulla. Et nostrum et magni enim voluptas ab.', '2023-02-15 18:48:37', '2023-02-15 18:48:37'),
(51, 89, 42, 'Architecto dolorem aut eius eum qui officiis rem. Et qui animi illum sint sit recusandae debitis corporis. Rerum quidem error expedita quos voluptas ipsa debitis.', '2023-02-15 18:48:37', '2023-02-15 18:48:37'),
(52, 42, 25, 'Laborum quo qui occaecati molestiae voluptate voluptatem minima. Neque et repellat voluptatibus eum inventore repudiandae doloremque. Et qui eligendi quasi nam eaque. Facilis dolore animi voluptatum ut rem fugiat labore.', '2023-02-15 18:48:37', '2023-02-15 18:48:37'),
(53, 88, 33, 'Quia quaerat delectus unde. Deleniti nostrum reiciendis quia maiores. Repudiandae nobis enim mollitia possimus consequatur error. Tempore veritatis quae eos aut dolorem. Voluptas ab est modi voluptatem.', '2023-02-15 18:48:37', '2023-02-15 18:48:37'),
(54, 64, 11, 'Enim vel nihil laborum quas sed explicabo quidem. Et sapiente provident voluptatem dolores voluptatem maxime alias. Rerum qui quia inventore temporibus quas fugit distinctio illum.', '2023-02-15 18:48:37', '2023-02-15 18:48:37'),
(55, 85, 71, 'Ipsam dignissimos non autem labore illo quod. In aspernatur facere debitis est. Facere est architecto deleniti cupiditate quas qui.', '2023-02-15 18:48:37', '2023-02-15 18:48:37'),
(56, 92, 55, 'Enim dolorum architecto rerum quisquam hic. Aut ipsa eos voluptas quos non sequi. Qui totam ea est et possimus qui eum.', '2023-02-15 18:48:37', '2023-02-15 18:48:37'),
(57, 79, 45, 'Dolorem alias suscipit voluptatem accusamus magnam. Expedita mollitia facilis ratione nulla quia. Iste sint omnis aliquid aut impedit. Et quas quam magnam alias in nisi doloribus.', '2023-02-15 18:48:37', '2023-02-15 18:48:37'),
(58, 51, 6, 'Optio et quisquam sint quis. Aperiam ullam maiores voluptate adipisci alias. Officia tenetur doloremque asperiores non. Necessitatibus distinctio voluptatem dolore.', '2023-02-15 18:48:37', '2023-02-15 18:48:37'),
(59, 20, 48, 'Omnis quod iusto deleniti molestiae blanditiis aut porro. Vel doloremque repellat suscipit.', '2023-02-15 18:48:37', '2023-02-15 18:48:37'),
(60, 5, 3, 'Alias suscipit earum odio rem. Quasi provident et repudiandae aut repellat sed porro. Et possimus incidunt reiciendis ea nemo ut. Unde consequatur non quam beatae cumque commodi.', '2023-02-15 18:48:37', '2023-02-15 18:48:37'),
(61, 3, 100, 'Recusandae fugiat fugiat placeat qui. Quas ipsum dolores dolorem vitae accusantium et. Labore voluptates saepe id harum.', '2023-02-15 18:48:37', '2023-02-15 18:48:37'),
(62, 19, 67, 'Ad omnis magni ullam possimus. Sed fugit repellendus commodi harum ullam consequatur voluptas. Odit facere et voluptas dolore sapiente.', '2023-02-15 18:48:37', '2023-02-15 18:48:37'),
(63, 69, 29, 'Error rerum sequi consectetur dolor iste id. Quo deserunt modi blanditiis et. Accusamus explicabo et et id sed. Est est repellat dolore aperiam ut nobis voluptatem.', '2023-02-15 18:48:37', '2023-02-15 18:48:37'),
(64, 50, 93, 'Quis impedit enim eum molestiae quia. Consequuntur laudantium repudiandae facilis nihil et minus voluptas. Aliquam qui quo accusamus voluptas. Similique vel consectetur autem.', '2023-02-15 18:48:37', '2023-02-15 18:48:37'),
(65, 20, 77, 'Voluptas quos aut sed quod facilis. Consectetur alias consequatur molestiae ab quod.', '2023-02-15 18:48:37', '2023-02-15 18:48:37'),
(66, 55, 19, 'Et ea ullam et impedit unde repellat ut. Iste inventore dolor culpa quo magnam. Optio facilis numquam enim consequatur.', '2023-02-15 18:48:37', '2023-02-15 18:48:37'),
(67, 81, 17, 'Similique quidem voluptatum qui. Aliquam minima et deserunt voluptatem beatae voluptas. Totam ut quos aut consequuntur molestiae. Voluptates nam voluptatem quaerat.', '2023-02-15 18:48:37', '2023-02-15 18:48:37'),
(68, 85, 46, 'Reiciendis sunt molestias excepturi. Tenetur quibusdam quisquam aut voluptas eaque et occaecati rem. Ad provident iusto laboriosam ad magni et.', '2023-02-15 18:48:37', '2023-02-15 18:48:37'),
(69, 85, 24, 'Quia rem facilis necessitatibus sed dolor. Rerum rem dolorem fugiat nesciunt dolor nihil in incidunt. Accusamus qui inventore maxime et iste voluptatem. Id rem laboriosam officia sapiente molestiae.', '2023-02-15 18:48:37', '2023-02-15 18:48:37'),
(70, 16, 78, 'Aperiam laboriosam eaque dolorem voluptatum. Hic voluptatem quas fugit ad amet quos. Ea asperiores ut tempore nobis doloremque quis cum. Ut aliquid placeat vel temporibus consectetur sunt eos.', '2023-02-15 18:48:37', '2023-02-15 18:48:37'),
(71, 23, 20, 'Ullam qui rerum fuga in quasi quasi omnis. Maxime ut temporibus dolore omnis. Nemo assumenda possimus ab sit et iste.', '2023-02-15 18:48:37', '2023-02-15 18:48:37'),
(72, 10, 88, 'Officia aut cum ullam est id sed. Sunt et laboriosam in sit consequatur tenetur. Cumque accusantium reprehenderit error quae qui dolores aliquam. Et ut voluptatem omnis.', '2023-02-15 18:48:37', '2023-02-15 18:48:37'),
(73, 74, 27, 'Debitis quos reprehenderit dolorem alias consequatur rerum. In illo laborum sit blanditiis quia et. Aut laboriosam aut voluptas accusantium quam.', '2023-02-15 18:48:37', '2023-02-15 18:48:37'),
(74, 44, 69, 'Voluptas expedita sit deserunt atque. Recusandae a tenetur rerum qui id vero. Sed ad soluta ipsam adipisci et dolor eum.', '2023-02-15 18:48:37', '2023-02-15 18:48:37'),
(75, 60, 86, 'Ut quo nesciunt ut id explicabo sunt. Tempore voluptate saepe aut iste quidem cupiditate asperiores. Quia illum dolores sed cum vel eligendi. Dolor eos dolores aut cumque aut.', '2023-02-15 18:48:37', '2023-02-15 18:48:37'),
(76, 43, 98, 'Sunt ad commodi qui consectetur. Sit odio odio corporis fuga a placeat quasi dignissimos.', '2023-02-15 18:48:37', '2023-02-15 18:48:37'),
(77, 86, 57, 'Animi voluptatem nam non consequatur. Consequatur tenetur dolores dicta sunt. Minima corporis sit voluptas aut quam vel temporibus quia.', '2023-02-15 18:48:37', '2023-02-15 18:48:37'),
(78, 43, 94, 'Natus numquam velit in vero quos eum et. Autem similique sit incidunt. Nisi esse aut est quod. Aliquam totam nemo tempora possimus consequatur.', '2023-02-15 18:48:37', '2023-02-15 18:48:37'),
(79, 21, 93, 'Non veritatis earum nulla unde et qui. Sed quam sit iusto eveniet. Corporis distinctio sequi quo ipsam aut eos.', '2023-02-15 18:48:37', '2023-02-15 18:48:37'),
(80, 78, 16, 'Laboriosam autem autem non aliquid. Corrupti dignissimos cupiditate est quasi asperiores corporis. Consequuntur corrupti voluptatibus et iusto perferendis et. Eveniet vero ut voluptas veniam.', '2023-02-15 18:48:37', '2023-02-15 20:50:10'),
(81, 43, 69, 'Odit quia voluptatem dolorem. Sit fuga harum possimus et.', '2023-02-15 18:48:37', '2023-02-15 18:48:37'),
(82, 12, 48, 'Id distinctio in omnis tempore sint quam dolores. Autem omnis consectetur impedit deserunt quia. Voluptatum minima nesciunt explicabo et qui modi.', '2023-02-15 18:48:37', '2023-02-15 18:48:37'),
(83, 63, 48, 'Iusto eos natus neque. Ratione et eveniet repudiandae architecto. Aut dolorem esse rerum.', '2023-02-15 18:48:37', '2023-02-15 18:48:37'),
(84, 71, 85, 'Velit ut repudiandae ipsum est laudantium porro odit delectus. Omnis enim optio rerum qui velit vel incidunt. Soluta animi sunt enim quam. Enim et est et eum.', '2023-02-15 18:48:37', '2023-02-15 18:48:37'),
(85, 54, 21, 'Ipsum neque vero ullam neque recusandae corrupti laboriosam. Eos deserunt ut est et asperiores quae repudiandae.', '2023-02-15 18:48:37', '2023-02-15 18:48:37'),
(86, 84, 94, 'Minus qui et laboriosam quo. Aut harum illum deleniti a. Et non fugit enim at deserunt atque perspiciatis.', '2023-02-15 18:48:37', '2023-02-15 18:48:37'),
(87, 98, 45, 'Et ex ut ad quibusdam nihil libero. Quis doloremque id necessitatibus. Non aliquid dolor ut aut quibusdam fugiat sequi voluptatem.', '2023-02-15 18:48:37', '2023-02-15 20:49:52'),
(88, 50, 35, 'Accusamus id consequatur quis repellendus nostrum quos. Dignissimos occaecati voluptatem consequatur est. Temporibus asperiores omnis nisi blanditiis perferendis voluptates dignissimos voluptas.', '2023-02-15 18:48:37', '2023-02-15 18:48:37'),
(89, 7, 82, 'Sunt et aut sint minima consequatur beatae eos. Animi nisi alias unde eum voluptatem. Nisi qui qui consequuntur assumenda vel necessitatibus sed. Dignissimos non nostrum vitae minima impedit consequatur.', '2023-02-15 18:48:37', '2023-02-15 18:48:37'),
(90, 86, 92, 'Numquam est maxime ut amet atque ut nihil. Neque eaque optio amet repellat. Impedit voluptatem modi a est ut labore beatae. Qui et ea iure aut consectetur.', '2023-02-15 18:48:37', '2023-02-15 18:48:37'),
(91, 49, 39, 'Doloremque vero quo sunt sit tempore qui. In rerum aut quibusdam aut harum et molestiae. Optio quis voluptas earum velit.', '2023-02-15 18:48:37', '2023-02-15 18:48:37'),
(92, 28, 3, 'Qui aliquam repellat voluptatem minus consequatur. Maiores sit et quis voluptatibus eos aut qui. Veniam dolores quasi quaerat vel voluptates ad debitis.', '2023-02-15 18:48:37', '2023-02-15 18:48:37'),
(93, 66, 22, 'Placeat et quia dolorem tempora quo non. Autem consequatur dolor fugit illo quisquam veritatis quis. Natus qui eum omnis aut. Rerum consectetur magni officiis neque.', '2023-02-15 18:48:37', '2023-02-15 18:48:37'),
(94, 64, 91, 'Soluta aspernatur labore odio et et. Rem sed ut omnis. Quia molestias vel voluptas eum omnis repellat.', '2023-02-15 18:48:37', '2023-02-15 18:48:37'),
(95, 57, 87, 'Facere qui voluptatum expedita ut. Fuga dolor sequi ipsam aspernatur veritatis quia assumenda. Voluptas nam exercitationem pariatur et quia molestias.', '2023-02-15 18:48:37', '2023-02-15 18:48:37'),
(96, 61, 100, 'Ut magni eveniet dolore deserunt quas modi. Consectetur animi veniam atque magnam voluptatem. Corporis molestiae quibusdam rem et.', '2023-02-15 18:48:37', '2023-02-15 18:48:37');
INSERT INTO `replies` (`id`, `user_id`, `comment_id`, `comment`, `created_at`, `updated_at`) VALUES
(97, 58, 59, 'Alias saepe numquam repellat. Rerum sed quia quas aut asperiores sint quia. Voluptatibus doloribus perspiciatis aut aut inventore quia distinctio.', '2023-02-15 18:48:37', '2023-02-15 18:48:37'),
(98, 57, 72, 'Recusandae omnis aut harum. Asperiores rem aliquid ut voluptatibus sapiente. Dolor quaerat molestias velit omnis. Blanditiis quidem et commodi quae explicabo quaerat perferendis est.', '2023-02-15 18:48:37', '2023-02-15 18:48:37'),
(99, 45, 22, 'Nemo maiores vel illo maxime sed. Ex inventore voluptas eum facilis iusto. Fugiat iure illo aut vitae culpa veniam. Totam temporibus sit sed qui voluptatem iure aperiam illum.', '2023-02-15 18:48:37', '2023-02-15 18:48:37');

INSERT INTO `users` (`id`, `firstName`, `lastName`, `image`, `email`, `password`, `created_at`, `updated_at`) VALUES
(1, 'Andres', 'Solano', 'https://randomuser.me/api/portraits/men/72.jpg', 'emilly94@ramos.com', '$2y$10$3zeOb8fYqbKRveSnMDS5y.oxVABozztDZiAj4USnsV0CirMivDOna', '2023-02-15 18:48:31', '2023-02-15 18:48:31');
INSERT INTO `users` (`id`, `firstName`, `lastName`, `image`, `email`, `password`, `created_at`, `updated_at`) VALUES
(2, 'Jerônimo', 'Corona', 'https://randomuser.me/api/portraits/men/27.jpg', 'erik08@maldonado.com.br', '$2y$10$jhTtiWoMsh8c88UJyRNfXegZkeJpHyj84zfuDMPHgcFIAFoJiNsyW', '2023-02-15 18:48:31', '2023-02-15 18:48:31');
INSERT INTO `users` (`id`, `firstName`, `lastName`, `image`, `email`, `password`, `created_at`, `updated_at`) VALUES
(3, 'Ícaro', 'Abreu', 'https://randomuser.me/api/portraits/men/44.jpg', 'santiago.kleber@uol.com.br', '$2y$10$5PCTePMPPwPwpS51e4w5o.7WUIdQZE8k56f2N2unMjJDOQtmm5Cb.', '2023-02-15 18:48:32', '2023-02-15 18:48:32');
INSERT INTO `users` (`id`, `firstName`, `lastName`, `image`, `email`, `password`, `created_at`, `updated_at`) VALUES
(4, 'Mateus', 'Gomes', 'https://randomuser.me/api/portraits/men/18.jpg', 'vdasdores@hotmail.com', '$2y$10$4M9BcGf0vgY/rqS6uGKNCO4BO6AU2tNlFI1lSEo7t1JLooLZmjT66', '2023-02-15 18:48:32', '2023-02-15 18:48:32'),
(5, 'Emiliano', 'Solano', 'https://randomuser.me/api/portraits/men/35.jpg', 'lorenzo.dasilva@deoliveira.net.br', '$2y$10$KbtfdHvCk2upz9pWd3uf7.oNshsITwcw6O439990sf2Xu5vqb4uqq', '2023-02-15 18:48:32', '2023-02-15 18:48:32'),
(6, 'Eric', 'Valentin', 'https://randomuser.me/api/portraits/men/88.jpg', 'farruda@yahoo.com', '$2y$10$wbHw0yqmx7CJpZRS8eYnfOiGkG/mAmNc7xNZTq3JAIS1fjY84IZ82', '2023-02-15 18:48:32', '2023-02-15 18:48:32'),
(7, 'Nero', 'Vila', 'https://randomuser.me/api/portraits/men/24.jpg', 'wvalentin@terra.com.br', '$2y$10$qFwdmM09.AfSZs/0TeEr6Okm65ZYq8JqFbyXExtpzMi8AUPkSM1s.', '2023-02-15 18:48:32', '2023-02-15 18:48:32'),
(8, 'Moisés', 'Dias', 'https://randomuser.me/api/portraits/men/24.jpg', 'vale.giovana@yahoo.com', '$2y$10$wAz/3bjEKUUGdV7yNmDRY.44DpO1OXLzNOXu1mWvEgJi0akTne5wS', '2023-02-15 18:48:32', '2023-02-15 18:48:32'),
(9, 'Wellington', 'Correia', 'https://randomuser.me/api/portraits/men/77.jpg', 'smendes@ig.com.br', '$2y$10$vAUlyqV0glKvP8sFMpriKef5QFYmtm2gAPy2op2RH0h0S87xQwEou', '2023-02-15 18:48:32', '2023-02-15 18:48:32'),
(10, 'Marco', 'Bittencourt', 'https://randomuser.me/api/portraits/men/13.jpg', 'giovane.bonilha@uol.com.br', '$2y$10$Pc0TH.tSNnCz9Uaff5bESeXh/RVQPU1lXbK5IYF9dlb5fbDYybYsu', '2023-02-15 18:48:32', '2023-02-15 18:48:32'),
(11, 'Maximiano', 'Cruz', 'https://randomuser.me/api/portraits/men/15.jpg', 'estela.oliveira@barros.com', '$2y$10$BPwCqlwcQvas.DKb5Eqz9uQ.77XhwVk4Gkd/WtNtTFOOp41QnhvlO', '2023-02-15 18:48:32', '2023-02-15 18:48:32'),
(12, 'Christopher', 'da Silva', 'https://randomuser.me/api/portraits/men/24.jpg', 'igor32@chaves.com', '$2y$10$rKHvBKbpLDd2.IBlsi/tdeKxVzmWlfcX3nsrFCnggklqMjQFNZPBG', '2023-02-15 18:48:32', '2023-02-15 18:48:32'),
(13, 'Luiz', 'Fernandes', 'https://randomuser.me/api/portraits/men/57.jpg', 'marta.dasdores@ig.com.br', '$2y$10$QLnlsrd8CFUzDxJpe9XSXOeVCG4b8qMG6RSPoNeB7keQ31BojXlwq', '2023-02-15 18:48:32', '2023-02-15 18:48:32'),
(14, 'Saulo', 'Ortiz', 'https://randomuser.me/api/portraits/men/42.jpg', 'teo.benites@ig.com.br', '$2y$10$3QOwHoeroBMXbc6EwYd2L.4SE6h1soZrLLunemahGK6SZe/yD0mfK', '2023-02-15 18:48:32', '2023-02-15 18:48:32'),
(15, 'Renan', 'Uchoa', 'https://randomuser.me/api/portraits/men/34.jpg', 'aline09@r7.com', '$2y$10$u8.gaFnp88najMP4Vfc67u4cd8mpX2bEpm5acEyg8uHwiJGgO7uw6', '2023-02-15 18:48:32', '2023-02-15 18:48:32'),
(16, 'Lorenzo', 'Rios', 'https://randomuser.me/api/portraits/men/90.jpg', 'quintana.bella@bezerra.com.br', '$2y$10$BhD0vb7NEUp74/VV05MAN.eLpEsueGbiaA/yogc1CG5PhDQLYylW6', '2023-02-15 18:48:32', '2023-02-15 18:48:32'),
(17, 'Denis', 'Valência', 'https://randomuser.me/api/portraits/men/1.jpg', 'ndeaguiar@uol.com.br', '$2y$10$2rV/vNuVs.adYQnp89U8ZOQoUViGWBQSxtPsWbcH/YN3UIH9VdQSu', '2023-02-15 18:48:32', '2023-02-15 18:48:32'),
(18, 'Davi', 'Abreu', 'https://randomuser.me/api/portraits/men/6.jpg', 'grego.kleber@brito.org', '$2y$10$ATuxMde.kUJz5nvEsX7reudFdA4aNnctfUvlvlsAVujLuxMM9vUou', '2023-02-15 18:48:32', '2023-02-15 18:48:32'),
(19, 'Giovane', 'Saito', 'https://randomuser.me/api/portraits/men/65.jpg', 'faro.alana@yahoo.com', '$2y$10$h8cp/TuSpCibyIAOazMZ..iAA17/xfIQfIHv9/QCPE3bGhFTYEDRC', '2023-02-15 18:48:32', '2023-02-15 18:48:32'),
(20, 'Cléber', 'Mascarenhas', 'https://randomuser.me/api/portraits/men/7.jpg', 'verdara.matheus@yahoo.com', '$2y$10$IaJNwBld.vehgjzeqJiHL.KOXcTTGVmAD5kZbhvIQP1pRgu.mP44S', '2023-02-15 18:48:32', '2023-02-15 18:48:32'),
(21, 'Júlio', 'Paz', 'https://randomuser.me/api/portraits/men/10.jpg', 'daniel70@gmail.com', '$2y$10$71YgwtlJdhafUxu5uQ6Nfu2YOiUE9pTPmZDV9WTPKt643pbVJm2Tm', '2023-02-15 18:48:32', '2023-02-15 18:48:32'),
(22, 'Richard', 'Marés', 'https://randomuser.me/api/portraits/men/90.jpg', 'cmarques@yahoo.com', '$2y$10$TNHADF7vkjd/tHcO2H1B3O1lP60YasMnkJXxNMf3hbDBQWbcR/aDi', '2023-02-15 18:48:32', '2023-02-15 18:48:32'),
(23, 'Willian', 'da Silva', 'https://randomuser.me/api/portraits/men/42.jpg', 'dasdores.sergio@tamoio.com', '$2y$10$lZfSg7Ygwg7Y8hsCMSk3YusMKm8tl/aV01/B8veSuvPs1qPq8Mrfm', '2023-02-15 18:48:33', '2023-02-15 18:48:33'),
(24, 'Sandro', 'Valentin', 'https://randomuser.me/api/portraits/men/48.jpg', 'aline.franco@matos.br', '$2y$10$HnxjZ/A2Dgff/nBb5.ain.F.EpTgnjqE0DCI6T6Ks/nQt22W18CQ.', '2023-02-15 18:48:33', '2023-02-15 18:48:33'),
(25, 'Miguel', 'Esteves', 'https://randomuser.me/api/portraits/men/32.jpg', 'romero.sofia@deverso.org', '$2y$10$O0ewdcnosiGi6Rkit5hPFuY/hthfgAyb0AKsYNV1G.AqVSBoyE3N6', '2023-02-15 18:48:33', '2023-02-15 18:48:33'),
(26, 'Estêvão', 'Roque', 'https://randomuser.me/api/portraits/men/57.jpg', 'manuela.vasques@ramires.com.br', '$2y$10$7sChw8P0.dp7268yRTd2ceezQYe025SXu89RKWFqYQ/cuxn13e/sa', '2023-02-15 18:48:33', '2023-02-15 18:48:33'),
(27, 'Márcio', 'Vieira', 'https://randomuser.me/api/portraits/men/51.jpg', 'benicio.ferraz@hotmail.com', '$2y$10$hGugwEtKVIeVW/8Nr2Rn7.0SBnqeEOeKsCgF5zedjVjXB6/HFW6aC', '2023-02-15 18:48:33', '2023-02-15 18:48:33'),
(28, 'André', 'Balestero', 'https://randomuser.me/api/portraits/men/59.jpg', 'assuncao.italo@hotmail.com', '$2y$10$IrcGMhSGe5CiS65IbMDoM.EPNVdjUBirErEqasfCM0pY3pwzNRH2S', '2023-02-15 18:48:33', '2023-02-15 18:48:33'),
(29, 'Mauro', 'Sepúlveda', 'https://randomuser.me/api/portraits/men/15.jpg', 'ezambrano@grego.net', '$2y$10$RaeV2X41m2Wbzp0sDlIPKeoh8HXW6ON/4oHVO79k1kJrHpiuKHV7W', '2023-02-15 18:48:33', '2023-02-15 18:48:33'),
(30, 'Caio', 'Bittencourt', 'https://randomuser.me/api/portraits/men/58.jpg', 'kdarosa@valencia.com', '$2y$10$e6BGae0SHDDbbfabuYJylOd8bA8yjXuxU8EwKBaONawq.qEuzvKyG', '2023-02-15 18:48:33', '2023-02-15 18:48:33'),
(31, 'Estêvão', 'de Freitas', 'https://randomuser.me/api/portraits/men/83.jpg', 'madalena93@verdugo.com.br', '$2y$10$zqZop.OYeeHD7qWupsZBeu7qHs3pyR5eV2aVxcB7HYBz7Ph3ABCaK', '2023-02-15 18:48:33', '2023-02-15 18:48:33'),
(32, 'Eduardo', 'Padrão', 'https://randomuser.me/api/portraits/men/35.jpg', 'simao.estrada@ig.com.br', '$2y$10$mcsJsfxs/7IBnf8bu.qzSumiZyX.hXKv9a0JqmML8wjGTlUG9xUXy', '2023-02-15 18:48:33', '2023-02-15 18:48:33'),
(33, 'Juliano', 'Maldonado', 'https://randomuser.me/api/portraits/men/34.jpg', 'valentin.eduarda@yahoo.com', '$2y$10$hs4w9lCLI2wtq2fsGnLz3OfZ7zVXDj4zz4aLRwOzjlSzD0Z5M/OQ6', '2023-02-15 18:48:33', '2023-02-15 18:48:33'),
(34, 'James', 'Jimenes', 'https://randomuser.me/api/portraits/men/26.jpg', 'lorena.verdara@meireles.br', '$2y$10$PgAaLNf/.jWyH.AvAAumiOCyrtoxuDl2tRAvgOSc1g2rDArgROKXu', '2023-02-15 18:48:33', '2023-02-15 18:48:33'),
(35, 'Daniel', 'Cervantes', 'https://randomuser.me/api/portraits/men/66.jpg', 'lestrada@uol.com.br', '$2y$10$DjUZbTJwtuiD3Uq5uu9eDOuIP3SNZEHn21eXPwIAph.GVNfevuTrC', '2023-02-15 18:48:33', '2023-02-15 18:48:33'),
(36, 'Michael', 'Solano', 'https://randomuser.me/api/portraits/men/35.jpg', 'ldeaguiar@r7.com', '$2y$10$RQ4DrzVsn5lkBfM.XBlYWOdM/OzJyQzOoBi9R2IB0av1xXWOBtj/2', '2023-02-15 18:48:33', '2023-02-15 18:48:33'),
(37, 'Breno', 'Barreto', 'https://randomuser.me/api/portraits/men/61.jpg', 'elizabeth.santos@r7.com', '$2y$10$zmr9MHSHYS84KG/unnjBYuOdIfZA8Sw9w1R/UM9s0YgKRLiBq.5ei', '2023-02-15 18:48:33', '2023-02-15 18:48:33'),
(38, 'Jerônimo', 'Galhardo', 'https://randomuser.me/api/portraits/men/19.jpg', 'cervantes.raissa@terra.com.br', '$2y$10$bTEq/4h0NAUJdG2KBREPtOcvRvDLh8HbWWc2hK5ppfJqo9IddUjq2', '2023-02-15 18:48:33', '2023-02-15 18:48:33'),
(39, 'Heitor', 'Verdara', 'https://randomuser.me/api/portraits/men/68.jpg', 'queiros.ingrid@uol.com.br', '$2y$10$e0jXL/azmVYvAG2nSjoUMOpGS/ieY2oYXO7Hjn15wiXyHQ.HFsJhu', '2023-02-15 18:48:33', '2023-02-15 18:48:33'),
(40, 'Bruno', 'Marques', 'https://randomuser.me/api/portraits/men/58.jpg', 'lais85@espinoza.com.br', '$2y$10$m.YndMgyaMxWaCsWgnCPXegFKJIOhNlOVuUSb9iVE.kTrIMja5TMy', '2023-02-15 18:48:33', '2023-02-15 18:48:33'),
(41, 'Renato', 'Esteves', 'https://randomuser.me/api/portraits/men/29.jpg', 'daiane92@esteves.com.br', '$2y$10$H3Iim0Nc23EtZcA5KGWQKOXYtUXHhboxepC6RAJoeYhDzjhHCJcSG', '2023-02-15 18:48:33', '2023-02-15 18:48:33'),
(42, 'Mateus', 'Campos', 'https://randomuser.me/api/portraits/men/26.jpg', 'gomes.ornela@escobar.net.br', '$2y$10$GkCHsn8Cq9MInH86rZOmaOjypJHoEmTTeI5Sa5cFKdVn.BbRcoB.O', '2023-02-15 18:48:34', '2023-02-15 18:48:34'),
(43, 'Kauan', 'Meireles', 'https://randomuser.me/api/portraits/men/15.jpg', 'urias.mario@yahoo.com', '$2y$10$cocC4WqBPJemmdQI5RwKj.vYjEovwqB0tV04ookRvwDk.ufp/8w9y', '2023-02-15 18:48:34', '2023-02-15 18:48:34'),
(44, 'Rodrigo', 'de Aguiar', 'https://randomuser.me/api/portraits/men/51.jpg', 'pfontes@corona.net', '$2y$10$rp8h5rPOY1bLZjgNXAn4wO3wiGQ3v60ypI4T8/qrAsHcCMSSBTuL.', '2023-02-15 18:48:34', '2023-02-15 18:48:34'),
(45, 'Rodolfo', 'Rico', 'https://randomuser.me/api/portraits/men/82.jpg', 'cristian93@terra.com.br', '$2y$10$2TB04mkLvdcWF/3bK8yD9.Ghz/TK6gq1t/o7bTNRTz0y.5NFn.coq', '2023-02-15 18:48:34', '2023-02-15 18:48:34'),
(46, 'Marcelo', 'Sales', 'https://randomuser.me/api/portraits/men/10.jpg', 'paulo.rico@terra.com.br', '$2y$10$MdxUetEM8bymRcFpgqvN3eOpX/yBL7K3pryJFcHAHTJu8yt/.70PK', '2023-02-15 18:48:34', '2023-02-15 18:48:34'),
(47, 'Rodrigo', 'Salazar', 'https://randomuser.me/api/portraits/men/21.jpg', 'ferreira.saulo@vega.com', '$2y$10$d0MouZRe6uOraNCw7WJL/O14FcrPykr./yr231.86lm1JcNClVtcK', '2023-02-15 18:48:34', '2023-02-15 18:48:34'),
(48, 'Arthur', 'da Rosa', 'https://randomuser.me/api/portraits/men/58.jpg', 'luis10@terra.com.br', '$2y$10$1z6TStbIgyAVMqusd4DfdOFtJlYeZud5X4VBjiGO9YNtkLKVlToI2', '2023-02-15 18:48:34', '2023-02-15 18:48:34'),
(49, 'Murilo', 'Camacho', 'https://randomuser.me/api/portraits/men/16.jpg', 'gil.malu@deaguiar.br', '$2y$10$uAZcodsn2SYFzTCgmp4/m.Os/zyVL.S7/1mfguDNUuFt0TrG4ZGvm', '2023-02-15 18:48:34', '2023-02-15 18:48:34'),
(50, 'Emanuel', 'Montenegro', 'https://randomuser.me/api/portraits/men/51.jpg', 'josefina87@terra.com.br', '$2y$10$uiiIvE.OHxX2yYXz55nsPuvglCl/5BFZEoTZ7/t97yLq0W95HK.Cy', '2023-02-15 18:48:34', '2023-02-15 18:48:34'),
(51, 'Júlio', 'Guerra', 'https://randomuser.me/api/portraits/men/89.jpg', 'escobar.adriana@hotmail.com', '$2y$10$AZX2IGTmmGR3gkExQ0ZFEuOkKUYoVVV91887c9NAI4pvDQ02xSvsK', '2023-02-15 18:48:34', '2023-02-15 18:48:34'),
(52, 'Valentin', 'Santana', 'https://randomuser.me/api/portraits/men/63.jpg', 'cintia35@urias.org', '$2y$10$PQLJKzpySU.V3zNQt45qFeLyxW.hraJD8mPYWY4ZEufnwjA3gIlHW', '2023-02-15 18:48:34', '2023-02-15 18:48:34'),
(53, 'Andres', 'Ramos', 'https://randomuser.me/api/portraits/men/54.jpg', 'casanova.samanta@terra.com.br', '$2y$10$3DXFolh1Ee4TGmJxB.P/3eEYkPg5kd6klLsoDM5LbMaIQo6.520r2', '2023-02-15 18:48:34', '2023-02-15 18:48:34'),
(54, 'Isaac', 'Galvão', 'https://randomuser.me/api/portraits/men/30.jpg', 'vila.stephanie@ig.com.br', '$2y$10$oFPKNiPjjNNDOgXdx1HkzeMbgeizz0TkTqWFixaIL1BmEc12X3yOG', '2023-02-15 18:48:34', '2023-02-15 18:48:34'),
(55, 'Pablo', 'Flores', 'https://randomuser.me/api/portraits/men/72.jpg', 'gilberto57@r7.com', '$2y$10$NaE455GrHZtp5mK7JG8kGe94.80/1it6Y0wJhBmD1RS0Z3oe4obOe', '2023-02-15 18:48:34', '2023-02-15 18:48:34'),
(56, 'Caio', 'Vila', 'https://randomuser.me/api/portraits/men/74.jpg', 'carmona.fabiano@vasques.com.br', '$2y$10$qSUGkcuxI/CE4whDojHkHOUNImYFZ3H7hENIelCqNtvA/E.taEHZm', '2023-02-15 18:48:34', '2023-02-15 18:48:34'),
(57, 'Wesley', 'Saito', 'https://randomuser.me/api/portraits/men/49.jpg', 'sarah71@gmail.com', '$2y$10$MlsqipkSGzJ1lteeJqy8Bu2qedBDt1IFomyL6yC18ejtTigqTP9FK', '2023-02-15 18:48:34', '2023-02-15 18:48:34'),
(58, 'Fábio', 'Rosa', 'https://randomuser.me/api/portraits/men/48.jpg', 'acasanova@verdugo.com', '$2y$10$sk.Rmi6XvcV2QRMduyRM/eNzURy6pkJAishl5P/LAEKUSmG/4SMgq', '2023-02-15 18:48:34', '2023-02-15 18:48:34'),
(59, 'Guilherme', 'Pena', 'https://randomuser.me/api/portraits/men/42.jpg', 'dearruda.gabriel@salgado.br', '$2y$10$X8JKA2/3T3Y44tDrrDTC8u6YEouYfa6MPx9Flmjogx4rRetxViCbW', '2023-02-15 18:48:34', '2023-02-15 18:48:34'),
(60, 'Erik', 'Ávila', 'https://randomuser.me/api/portraits/men/39.jpg', 'filipe.leon@hotmail.com', '$2y$10$5vKolF5oyq3tplSQ2iqgVuVn8R9age7KLVqAEI/c.EY0W3Nit/Zie', '2023-02-15 18:48:34', '2023-02-15 18:48:34'),
(61, 'Henrique', 'Sales', 'https://randomuser.me/api/portraits/men/57.jpg', 'cdeaguiar@r7.com', '$2y$10$zTztXkmUOso8KFRGSDGfPu.FFG8sMPo9qdM.FbWIPLL1tZpOi1PmO', '2023-02-15 18:48:34', '2023-02-15 18:48:34'),
(62, 'Lucas', 'Vila', 'https://randomuser.me/api/portraits/men/22.jpg', 'roberto.marin@yahoo.com', '$2y$10$9FS1SuyOh0zqmoEOQdiuoOGS.AYX7uQQ65m6I8ShvolS5GCVL8h52', '2023-02-15 18:48:35', '2023-02-15 18:48:35'),
(63, 'Enzo', 'Verdugo', 'https://randomuser.me/api/portraits/men/8.jpg', 'pquintana@vieira.com', '$2y$10$Azk3.W/mzd4zbwQSJOS4wuAetroFayWXJGEd1znmSSu44ZNO9DWDe', '2023-02-15 18:48:35', '2023-02-15 18:48:35'),
(64, 'Eric', 'de Freitas', 'https://randomuser.me/api/portraits/men/63.jpg', 'milene70@gmail.com', '$2y$10$zl.sJjDDW3O2QaQMb9gSneKxnDPL5T1.bQwDM1Gxn6m1W5/QmIcq2', '2023-02-15 18:48:35', '2023-02-15 18:48:35'),
(65, 'Teobaldo', 'Rangel', 'https://randomuser.me/api/portraits/men/76.jpg', 'serra.nicole@r7.com', '$2y$10$0r7U1a.hHmsHN6sgVqVdZevACIIsmcRnnxxclK.EGO73fVsoNUQji', '2023-02-15 18:48:35', '2023-02-15 18:48:35'),
(66, 'Felipe', 'Martines', 'https://randomuser.me/api/portraits/men/47.jpg', 'rfernandes@hotmail.com', '$2y$10$Ipr3g4Upo7F5Ek4a.AL/5OUO0zSdarbKxYegsgRRr.QBWeJN1Xzja', '2023-02-15 18:48:35', '2023-02-15 18:48:35'),
(67, 'Hernani', 'Rocha', 'https://randomuser.me/api/portraits/men/15.jpg', 'avila.elias@cortes.com.br', '$2y$10$H1aAn6KLQHDJd9zmy1L51uiOx8ZtBRGYuunURfAffNrj.c9hpUjTS', '2023-02-15 18:48:35', '2023-02-15 18:48:35'),
(68, 'Natal', 'Brito', 'https://randomuser.me/api/portraits/men/20.jpg', 'sdelgado@ig.com.br', '$2y$10$NOWGuR4ytsjQKrMmPYy49OJ5TzhsMTn00ypkZ.f4Xb/eX3Fd4OvQW', '2023-02-15 18:48:35', '2023-02-15 18:48:35'),
(69, 'Marco', 'Dias', 'https://randomuser.me/api/portraits/men/1.jpg', 'ncervantes@solano.org', '$2y$10$qDuoyWiej8KpxGutk2J8TOUOMEZ9hm8FoOmwrmaJ3r9v3u7QzaN9e', '2023-02-15 18:48:35', '2023-02-15 18:48:35'),
(70, 'Giovane', 'Delatorre', 'https://randomuser.me/api/portraits/men/37.jpg', 'ibonilha@domingues.com.br', '$2y$10$sFKsT.xUYEZeqqKgzW6uh.pADE3IqNc9B7r9iKPhSQm7CfwYSueIW', '2023-02-15 18:48:35', '2023-02-15 18:48:35'),
(71, 'Murilo', 'Esteves', 'https://randomuser.me/api/portraits/men/9.jpg', 'artur.barros@rosa.org', '$2y$10$UzoydF/IMUnsvIS/JjNWD.pJ7rQxdD9mv11frPlunMd9o2VuLDU12', '2023-02-15 18:48:35', '2023-02-15 18:48:35'),
(72, 'Hugo', 'Cordeiro', 'https://randomuser.me/api/portraits/men/11.jpg', 'hugo94@soto.net.br', '$2y$10$iyEJbmmeTEjsCrTWyqIfS.XBT24mMZXQ3hQ.9b0UHdKJ/V0BdDDRC', '2023-02-15 18:48:35', '2023-02-15 18:48:35'),
(73, 'Rafael', 'Medina', 'https://randomuser.me/api/portraits/men/40.jpg', 'gisele06@r7.com', '$2y$10$jn8NHyo7jAXx7h1u.pQWZ.ZiyxXBvLQaTfTpW90VsSy8ZMaWCvp1a', '2023-02-15 18:48:35', '2023-02-15 18:48:35'),
(74, 'Flávio', 'Maldonado', 'https://randomuser.me/api/portraits/men/2.jpg', 'raphael58@r7.com', '$2y$10$X/gdyFKB9o6GREkUgLVuZ.ygL/Ezpv2G.qEUBljZTfLbRM876mplW', '2023-02-15 18:48:35', '2023-02-15 18:48:35'),
(75, 'Cléber', 'Corona', 'https://randomuser.me/api/portraits/men/25.jpg', 'adriana21@r7.com', '$2y$10$wpaWPhAc7akTS9wn/Prute8N.4RDPupp4oooS2aJcSxH0oku35VTm', '2023-02-15 18:48:35', '2023-02-15 18:48:35'),
(76, 'Luis', 'Vega', 'https://randomuser.me/api/portraits/men/1.jpg', 'daniela75@yahoo.com', '$2y$10$jHvr3v.D6sAI1tfwjXTZ0.oiZh//OOlzY6wQ1WHFD2l9M8U.IzJuS', '2023-02-15 18:48:35', '2023-02-15 18:48:35'),
(77, 'Cléber', 'Lovato', 'https://randomuser.me/api/portraits/men/35.jpg', 'defreitas.dante@uol.com.br', '$2y$10$Tn54DHNNM8PvA0AqxGE4vuSpH8m4MQzZXpmdwdKZq.9hoeYa9VrXi', '2023-02-15 18:48:35', '2023-02-15 18:48:35'),
(78, 'Hernani', 'Cortês', 'https://randomuser.me/api/portraits/men/52.jpg', 'emiliano51@terra.com.br', '$2y$10$zEAkZZ6AGx72lex.XgHHse5r27OXQSdBQfOrWHW7nl1BsnPMjrDHO', '2023-02-15 18:48:35', '2023-02-15 18:48:35'),
(79, 'Matias', 'Gomes', 'https://randomuser.me/api/portraits/men/69.jpg', 'aguiar.stephany@lutero.com.br', '$2y$10$trR/hoWmSHFc1LYZ4MSUoOAvnltTT/.FLMgr1UIjUn0K3b8ZUEEkS', '2023-02-15 18:48:35', '2023-02-15 18:48:35'),
(80, 'Bruno', 'Pena', 'https://randomuser.me/api/portraits/men/54.jpg', 'wesley02@hotmail.com', '$2y$10$D9eoare53gUsuwQRTOEGheXzEgwQLMGUbPhgwBYlQpaEwxFmITLXi', '2023-02-15 18:48:35', '2023-02-15 18:48:35'),
(81, 'Rafael', 'Santana', 'https://randomuser.me/api/portraits/men/67.jpg', 'estrada.maisa@yahoo.com', '$2y$10$xyWgFKumXfP90ARVL9R7u.EqTsTi8chWPFYCvduu09/.MjZpzQ0j.', '2023-02-15 18:48:36', '2023-02-15 18:48:36'),
(82, 'Wilson', 'Arruda', 'https://randomuser.me/api/portraits/men/77.jpg', 'lbittencourt@r7.com', '$2y$10$FJJENYKV1fXpj1eZCe3nB.6Ph.JgWYzFg0haKMifUYBk4YSwb33SS', '2023-02-15 18:48:36', '2023-02-15 18:48:36'),
(83, 'Danilo', 'Oliveira', 'https://randomuser.me/api/portraits/men/43.jpg', 'egalindo@leal.com', '$2y$10$IVD4an0.NKlxJz.u22JyY.hH3aWcpFHmVBhGVj4nQYzyY3hZa3aY6', '2023-02-15 18:48:36', '2023-02-15 18:48:36'),
(84, 'Alan', 'Franco', 'https://randomuser.me/api/portraits/men/17.jpg', 'norma40@terra.com.br', '$2y$10$VcISDhvs.qd2oRSqsIwXXe4ywTJsYNGIUpliejTzqRptVlMJo5Q/e', '2023-02-15 18:48:36', '2023-02-15 18:48:36'),
(85, 'Bruno', 'da Cruz', 'https://randomuser.me/api/portraits/men/81.jpg', 'aline.chaves@yahoo.com', '$2y$10$f9ZTY9zxNaqQfjOFQBVtR.IFC0QKtuqva3Yjsud5idrCgaGvKjdn.', '2023-02-15 18:48:36', '2023-02-15 18:48:36'),
(86, 'Teobaldo', 'Camacho', 'https://randomuser.me/api/portraits/men/83.jpg', 'roque.davi@gmail.com', '$2y$10$1ne7UNxvNji4BO/hO4kvOOkHSNM45EWp2XhifvVaYc9UknwnAMeOi', '2023-02-15 18:48:36', '2023-02-15 18:48:36'),
(87, 'Camilo', 'Marinho', 'https://randomuser.me/api/portraits/men/34.jpg', 'esther96@yahoo.com', '$2y$10$DDdLYMpzGgX558Drb25ZJOVmOR0hvR51bjyrNeiAPcUttjo0pHGDe', '2023-02-15 18:48:36', '2023-02-15 18:48:36'),
(88, 'Ítalo', 'Padilha', 'https://randomuser.me/api/portraits/men/42.jpg', 'richard40@padilha.net.br', '$2y$10$lpUN96posQ4v1ATaggwQ2ekiWRmZd69b75vY/SRTAvj4gHRYWkj1q', '2023-02-15 18:48:36', '2023-02-15 18:48:36'),
(89, 'Wellington', 'Prado', 'https://randomuser.me/api/portraits/men/51.jpg', 'reinaldo40@torres.br', '$2y$10$zAlzUstZjZYzJBktPTZHC.4Wxch/IMak1JkHEBbe5QQBI0D3SwiVC', '2023-02-15 18:48:36', '2023-02-15 18:48:36'),
(90, 'Roberto', 'Guerra', 'https://randomuser.me/api/portraits/men/47.jpg', 'rico.artur@hotmail.com', '$2y$10$XAfbAPhNIlrlfbP6A/2Q/O9nUF0iTW9FtKzGmbu9msAehTKOK9cP2', '2023-02-15 18:48:36', '2023-02-15 18:48:36'),
(91, 'Afonso', 'Salgado', 'https://randomuser.me/api/portraits/men/11.jpg', 'dvalencia@faria.net', '$2y$10$tC66IiCocpP8xJD/fCL.1.QFpaWigssG3QZDVHO/u/QoI/SoeET3O', '2023-02-15 18:48:36', '2023-02-15 18:48:36'),
(92, 'Michael', 'Molina', 'https://randomuser.me/api/portraits/men/3.jpg', 'analu40@terra.com.br', '$2y$10$2aMDOcPmUcDGG37mQxe5QeRWjyxpAEM/J3uelbD6xmTV.dJQxM7y2', '2023-02-15 18:48:36', '2023-02-15 18:48:36'),
(93, 'Gael', 'Rosa', 'https://randomuser.me/api/portraits/men/71.jpg', 'madeira.sergio@yahoo.com', '$2y$10$asjUeS7cs4puoaH8MqtuIOxLps7digWkd35ImNKH4IuNfKQ9PY6Hy', '2023-02-15 18:48:36', '2023-02-15 18:48:36'),
(94, 'Rafael', 'Queirós', 'https://randomuser.me/api/portraits/men/54.jpg', 'fernandes.yuri@marques.com', '$2y$10$eeKLYVPwtDlXPTNAREgeFOkjHcD/OfXMfY0YQ35Rwpyi.nJAl1nNi', '2023-02-15 18:48:36', '2023-02-15 18:48:36'),
(95, 'Pedro', 'Queirós', 'https://randomuser.me/api/portraits/men/81.jpg', 'wellington.delatorre@defreitas.com.br', '$2y$10$Ecc36eB2N4kXRL0EpGAKA.Pku.JectAG8LSZT.2uMgmyOSPyE8RA2', '2023-02-15 18:48:36', '2023-02-15 18:48:36'),
(96, 'Roberto', 'Barros', 'https://randomuser.me/api/portraits/men/50.jpg', 'deoliveira.poliana@r7.com', '$2y$10$qaN3fWzURkRob6oZQXNd.emKBDrcQrV4x7uHdjoRipFybBJQdH.hy', '2023-02-15 18:48:36', '2023-02-15 18:48:36'),
(97, 'Jácomo', 'Tamoio', 'https://randomuser.me/api/portraits/men/34.jpg', 'schaves@terra.com.br', '$2y$10$TuKM3a16stb4M6DY1R6iE.mykdqADf/TD8vYxVvUfsPMwqasvKKHK', '2023-02-15 18:48:36', '2023-02-15 18:48:36'),
(98, 'Nicolas', 'Reis', 'https://randomuser.me/api/portraits/men/20.jpg', 'daiane34@gmail.com', '$2y$10$B/eOimeqyKuN/h8RRiuPmuqJ/zTbqEpQqe35TBWtBkthBElcFJl/G', '2023-02-15 18:48:36', '2023-02-15 18:48:36'),
(99, 'Joaquin', 'Camacho', 'https://randomuser.me/api/portraits/men/39.jpg', 'escobar.yuri@r7.com', '$2y$10$72wwqF9rNWdwPXY1JrDguee3Z99zIcYmH6L3zpccTT6JXRAS9j5jy', '2023-02-15 18:48:36', '2023-02-15 18:48:36'),
(100, 'Francisco', 'Godói', 'https://randomuser.me/api/portraits/men/90.jpg', 'artur.godoi@gmail.com', '$2y$10$1o1CgaIrvZ31r5tVp3TYFe/DOfqsZfHUa/srUEBpE/9G7YvBt4UKy', '2023-02-15 18:48:36', '2023-02-15 18:48:36');


/*!40101 SET SQL_MODE=@OLD_SQL_MODE */;
/*!40014 SET FOREIGN_KEY_CHECKS=@OLD_FOREIGN_KEY_CHECKS */;
/*!40014 SET UNIQUE_CHECKS=@OLD_UNIQUE_CHECKS */;
/*!40101 SET CHARACTER_SET_CLIENT=@OLD_CHARACTER_SET_CLIENT */;
/*!40101 SET CHARACTER_SET_RESULTS=@OLD_CHARACTER_SET_RESULTS */;
/*!40101 SET COLLATION_CONNECTION=@OLD_COLLATION_CONNECTION */;
/*!40111 SET SQL_NOTES=@OLD_SQL_NOTES */;