/*!40101 SET @OLD_CHARACTER_SET_CLIENT=@@CHARACTER_SET_CLIENT */;
/*!40101 SET @OLD_CHARACTER_SET_RESULTS=@@CHARACTER_SET_RESULTS */;
/*!40101 SET @OLD_COLLATION_CONNECTION=@@COLLATION_CONNECTION */;
/*!40101 SET NAMES utf8mb4 */;
/*!40014 SET @OLD_UNIQUE_CHECKS=@@UNIQUE_CHECKS, UNIQUE_CHECKS=0 */;
/*!40014 SET @OLD_FOREIGN_KEY_CHECKS=@@FOREIGN_KEY_CHECKS, FOREIGN_KEY_CHECKS=0 */;
/*!40101 SET @OLD_SQL_MODE=@@SQL_MODE, SQL_MODE='NO_AUTO_VALUE_ON_ZERO' */;
/*!40111 SET @OLD_SQL_NOTES=@@SQL_NOTES, SQL_NOTES=0 */;

DROP TABLE IF EXISTS `categories`;
CREATE TABLE `categories` (
  `id` int unsigned NOT NULL AUTO_INCREMENT,
  `name` varchar(100) NOT NULL,
  `slug` varchar(100) NOT NULL,
  `created_at` timestamp NOT NULL DEFAULT CURRENT_TIMESTAMP,
  `updated_at` timestamp NOT NULL DEFAULT CURRENT_TIMESTAMP ON UPDATE CURRENT_TIMESTAMP,
  PRIMARY KEY (`id`)
) ENGINE=InnoDB AUTO_INCREMENT=11 DEFAULT CHARSET=utf8mb3;

DROP TABLE IF EXISTS `logs`;
CREATE TABLE `logs` (
  `id` int NOT NULL AUTO_INCREMENT,
  `message` text,
  `type` varchar(255) DEFAULT NULL,
  `created_at` timestamp NULL DEFAULT CURRENT_TIMESTAMP,
  PRIMARY KEY (`id`)
) ENGINE=InnoDB AUTO_INCREMENT=20 DEFAULT CHARSET=utf8mb3;

DROP TABLE IF EXISTS `migrations`;
CREATE TABLE `migrations` (
  `id` bigint unsigned NOT NULL AUTO_INCREMENT,
  `version` varchar(255) NOT NULL,
  `class` varchar(255) NOT NULL,
  `group` varchar(255) NOT NULL,
  `namespace` varchar(255) NOT NULL,
  `time` int NOT NULL,
  `batch` int unsigned NOT NULL,
  PRIMARY KEY (`id`)
) ENGINE=InnoDB AUTO_INCREMENT=52 DEFAULT CHARSET=utf8mb3;

DROP TABLE IF EXISTS `posts`;
CREATE TABLE `posts` (
  `id` int unsigned NOT NULL AUTO_INCREMENT,
  `user_id` int unsigned NOT NULL,
  `category_id` int unsigned NOT NULL,
  `title` varchar(100) NOT NULL,
  `slug` varchar(255) NOT NULL,
  `visits` int NOT NULL DEFAULT '0',
  `image` varchar(255) DEFAULT NULL,
  `description` text NOT NULL,
  `created_at` timestamp NOT NULL DEFAULT CURRENT_TIMESTAMP,
  `updated_at` timestamp NOT NULL DEFAULT CURRENT_TIMESTAMP ON UPDATE CURRENT_TIMESTAMP,
  PRIMARY KEY (`id`),
  KEY `posts_user_id_foreign` (`user_id`),
  KEY `posts_category_id_foreign` (`category_id`),
  CONSTRAINT `posts_category_id_foreign` FOREIGN KEY (`category_id`) REFERENCES `categories` (`id`) ON DELETE CASCADE,
  CONSTRAINT `posts_user_id_foreign` FOREIGN KEY (`user_id`) REFERENCES `users` (`id`) ON DELETE CASCADE
) ENGINE=InnoDB AUTO_INCREMENT=201 DEFAULT CHARSET=utf8mb3;

DROP TABLE IF EXISTS `users`;
CREATE TABLE `users` (
  `id` int unsigned NOT NULL AUTO_INCREMENT,
  `firstName` varchar(100) NOT NULL,
  `lastName` varchar(100) NOT NULL,
  `email` varchar(100) NOT NULL,
  `password` varchar(255) NOT NULL,
  `created_at` timestamp NOT NULL DEFAULT CURRENT_TIMESTAMP,
  `updated_at` timestamp NOT NULL DEFAULT CURRENT_TIMESTAMP ON UPDATE CURRENT_TIMESTAMP,
  PRIMARY KEY (`id`),
  UNIQUE KEY `email` (`email`)
) ENGINE=InnoDB AUTO_INCREMENT=201 DEFAULT CHARSET=utf8mb3;

INSERT INTO `categories` (`id`, `name`, `slug`, `created_at`, `updated_at`) VALUES
(1, 'Loiret', 'loiret', '2023-01-19 19:48:40', '2023-01-19 19:48:40');
INSERT INTO `categories` (`id`, `name`, `slug`, `created_at`, `updated_at`) VALUES
(2, 'Meurthe-et-Moselle', 'meurthe-et-moselle', '2023-01-19 19:48:40', '2023-01-19 19:48:40');
INSERT INTO `categories` (`id`, `name`, `slug`, `created_at`, `updated_at`) VALUES
(3, 'Côtes-d\'Armor', 'côtes-d\'armor', '2023-01-19 19:48:40', '2023-01-19 19:48:40');
INSERT INTO `categories` (`id`, `name`, `slug`, `created_at`, `updated_at`) VALUES
(4, 'Alpes-de-Haute-Provence', 'alpes-de-haute-provence', '2023-01-19 19:48:40', '2023-01-19 19:48:40'),
(5, 'Aude', 'aude', '2023-01-19 19:48:40', '2023-01-19 19:48:40'),
(6, 'Aveyron', 'aveyron', '2023-01-19 19:48:40', '2023-01-19 19:48:40'),
(7, 'Dordogne', 'dordogne', '2023-01-19 19:48:40', '2023-01-19 19:48:40'),
(8, 'Seine-Maritime', 'seine-maritime', '2023-01-19 19:48:40', '2023-01-19 19:48:40'),
(9, 'Charente', 'charente', '2023-01-19 19:48:40', '2023-01-19 19:48:40'),
(10, 'Allier', 'allier', '2023-01-19 19:48:40', '2023-01-19 19:48:40');

INSERT INTO `logs` (`id`, `message`, `type`, `created_at`) VALUES
(18, '[{\"file\":\"C:\\\\dev\\\\log-php\\\\public\\\\index.php\",\"line\":13,\"function\":\"query\",\"class\":\"PDO\",\"type\":\"->\"}]', 'Error in database', '2023-01-06 15:35:48');
INSERT INTO `logs` (`id`, `message`, `type`, `created_at`) VALUES
(19, '[{\"file\":\"C:\\\\dev\\\\log-php\\\\public\\\\index.php\",\"line\":13,\"function\":\"query\",\"class\":\"PDO\",\"type\":\"->\"}]', 'Database Error', '2023-01-06 15:37:37');


INSERT INTO `migrations` (`id`, `version`, `class`, `group`, `namespace`, `time`, `batch`) VALUES
(49, '2022-11-17-171915', 'App\\Database\\Migrations\\User', 'default', 'App', 1674168504, 1);
INSERT INTO `migrations` (`id`, `version`, `class`, `group`, `namespace`, `time`, `batch`) VALUES
(50, '2022-11-17-171918', 'App\\Database\\Migrations\\Category', 'default', 'App', 1674168504, 1);
INSERT INTO `migrations` (`id`, `version`, `class`, `group`, `namespace`, `time`, `batch`) VALUES
(51, '2022-11-17-171922', 'App\\Database\\Migrations\\Post', 'default', 'App', 1674168504, 1);

INSERT INTO `posts` (`id`, `user_id`, `category_id`, `title`, `slug`, `visits`, `image`, `description`, `created_at`, `updated_at`) VALUES
(1, 42, 6, 'Reiciendis aspernatur natus aperiam.', 'reiciendis-aspernatur-natus-aperiam.', 79, 'https://picsum.photos/640/480', 'In nesciunt quis dolorum et accusamus sequi voluptas voluptatem. Ipsum nobis asperiores et est reprehenderit. Animi vitae nihil veritatis fugiat quidem quia. Sed et et qui consequatur fuga. Ea reprehenderit quam rerum deserunt consequuntur rerum. Et voluptas ab animi vel ex molestias.', '2023-01-19 19:48:40', '2023-01-19 19:48:40');
INSERT INTO `posts` (`id`, `user_id`, `category_id`, `title`, `slug`, `visits`, `image`, `description`, `created_at`, `updated_at`) VALUES
(2, 21, 2, 'Nihil dicta aspernatur quo aut.', 'nihil-dicta-aspernatur-quo-aut.', 39, 'https://picsum.photos/640/480', 'Dolor est vitae molestiae libero. Doloremque recusandae maiores voluptas qui facilis molestiae. Consequatur dolorem qui provident omnis. Consequatur deleniti quam ut exercitationem incidunt. Soluta et dolores praesentium alias.', '2023-01-19 19:48:40', '2023-01-19 19:48:40');
INSERT INTO `posts` (`id`, `user_id`, `category_id`, `title`, `slug`, `visits`, `image`, `description`, `created_at`, `updated_at`) VALUES
(3, 52, 9, 'Rerum dicta libero facilis inventore quia vel.', 'rerum-dicta-libero-facilis-inventore-quia-vel.', 83, 'https://picsum.photos/640/480', 'Accusamus tempore qui adipisci deserunt inventore et consequatur. Consequatur nobis cupiditate voluptatem voluptas perspiciatis. In ipsam est exercitationem temporibus eum. Facilis et quos nostrum distinctio ipsam. Culpa rerum quos ex et a omnis. Id voluptatibus et et mollitia dolorem quo. Sed accusantium error dolor esse praesentium recusandae aut.', '2023-01-19 19:48:40', '2023-01-19 19:48:40');
INSERT INTO `posts` (`id`, `user_id`, `category_id`, `title`, `slug`, `visits`, `image`, `description`, `created_at`, `updated_at`) VALUES
(4, 31, 2, 'Maiores ut odit corporis officiis.', 'maiores-ut-odit-corporis-officiis.', 80, 'https://picsum.photos/640/480', 'Unde molestiae qui dolore temporibus. Error rerum vel labore illum veniam. Corrupti recusandae omnis eligendi cumque adipisci. Totam provident nobis dolorum praesentium libero. Esse impedit est reiciendis sunt tempore doloremque laudantium.', '2023-01-19 19:48:40', '2023-01-19 19:48:40'),
(5, 81, 2, 'Praesentium quaerat sint quis earum amet eveniet ea.', 'praesentium-quaerat-sint-quis-earum-amet-eveniet-ea.', 91, 'https://picsum.photos/640/480', 'Ducimus voluptatibus velit sint perspiciatis. Ut aut omnis exercitationem aut totam aut. Voluptatem autem et placeat qui est. Aut quam quos perspiciatis qui. Minima quis quasi sint.', '2023-01-19 19:48:40', '2023-01-19 19:48:40'),
(6, 5, 6, 'Consequatur voluptatum expedita maiores beatae quos velit.', 'consequatur-voluptatum-expedita-maiores-beatae-quos-velit.', 26, 'https://picsum.photos/640/480', 'Numquam beatae minima incidunt eos laborum qui. Similique eaque rem itaque iusto qui provident eum. Veniam aut sit ipsam. Doloribus molestiae id repudiandae cum quo et nostrum.', '2023-01-19 19:48:40', '2023-01-19 19:48:40'),
(7, 96, 2, 'Non numquam culpa cum nihil.', 'non-numquam-culpa-cum-nihil.', 2, 'https://picsum.photos/640/480', 'Alias adipisci voluptatum quo atque voluptatum enim. Numquam soluta adipisci officiis animi sint. Et ut et debitis nesciunt consequatur aspernatur. Libero mollitia aut consequatur ut commodi. Omnis eum in magnam facilis. Soluta architecto est dolor et tempore quibusdam non laboriosam.', '2023-01-19 19:48:40', '2023-01-19 19:48:40'),
(8, 97, 3, 'Doloremque modi architecto fugit repudiandae.', 'doloremque-modi-architecto-fugit-repudiandae.', 59, 'https://picsum.photos/640/480', 'Beatae labore aut tempore amet placeat. Architecto tempore temporibus enim ut ducimus repellendus autem. Voluptatum distinctio earum et numquam velit occaecati dolor. Animi perspiciatis ipsa sint sed sunt et eveniet.', '2023-01-19 19:48:40', '2023-01-19 19:48:40'),
(9, 28, 1, 'Modi nulla voluptatem consequatur asperiores consequatur quo.', 'modi-nulla-voluptatem-consequatur-asperiores-consequatur-quo.', 21, 'https://picsum.photos/640/480', 'Qui qui quia quo eos veniam nihil. Omnis autem officia nulla consequatur. Accusantium necessitatibus architecto in delectus veniam eaque. Illum voluptatem velit est fuga qui perferendis. Veniam et quia quia et accusamus expedita. Nisi et ipsam in quia. Ut debitis doloribus voluptas atque facere et dolor id.', '2023-01-19 19:48:40', '2023-01-19 19:48:40'),
(10, 89, 6, 'Unde repudiandae et amet ut libero.', 'unde-repudiandae-et-amet-ut-libero.', 68, 'https://picsum.photos/640/480', 'Qui harum vero adipisci dolores. Ab magnam provident aliquid in dignissimos magni. Tempora fuga et reprehenderit numquam ut id aut. Ullam et sapiente eum pariatur magni. Quo fuga praesentium magni adipisci dolorum molestias delectus.', '2023-01-19 19:48:40', '2023-01-19 19:48:40'),
(11, 73, 5, 'Quia perspiciatis et eos nam.', 'quia-perspiciatis-et-eos-nam.', 97, 'https://picsum.photos/640/480', 'Nemo expedita quis saepe autem atque. Commodi animi explicabo pariatur hic officia molestias est. Molestiae maiores mollitia omnis aliquam minus. Cupiditate eveniet illo ut laborum mollitia magnam molestiae. Magni reprehenderit ipsam tempora totam qui vitae. Occaecati dicta laboriosam cupiditate unde.', '2023-01-19 19:48:40', '2023-01-19 19:48:40'),
(12, 2, 5, 'Consequuntur vero laboriosam vel voluptatum quod.', 'consequuntur-vero-laboriosam-vel-voluptatum-quod.', 85, 'https://picsum.photos/640/480', 'Quia architecto et est molestiae laborum. Fugit commodi expedita dignissimos enim temporibus. Rerum quis est reiciendis aut. Fugiat itaque provident est neque magnam assumenda voluptas.', '2023-01-19 19:48:40', '2023-01-19 19:48:40'),
(13, 45, 2, 'Voluptatem est consequatur perspiciatis cumque soluta.', 'voluptatem-est-consequatur-perspiciatis-cumque-soluta.', 100, 'https://picsum.photos/640/480', 'Aspernatur non quam ab praesentium laborum omnis. Quo pariatur tempore assumenda ea. Ad voluptatibus mollitia aut molestiae quo. Consequatur aut sit provident sed. Repudiandae aut aliquam quia est beatae qui. Ea nisi natus sint voluptas temporibus.', '2023-01-19 19:48:40', '2023-01-19 19:48:40'),
(14, 90, 8, 'Architecto nesciunt optio error praesentium fuga.', 'architecto-nesciunt-optio-error-praesentium-fuga.', 75, 'https://picsum.photos/640/480', 'Repudiandae ea culpa aliquid ad inventore assumenda et sint. Enim expedita distinctio eum eos dolores aspernatur voluptatem. Saepe suscipit fuga et cupiditate ut possimus. Voluptatem in quasi autem eaque facilis voluptatibus.', '2023-01-19 19:48:40', '2023-01-19 19:48:40'),
(15, 42, 6, 'Placeat totam exercitationem ut consectetur.', 'placeat-totam-exercitationem-ut-consectetur.', 45, 'https://picsum.photos/640/480', 'Beatae ut magnam ratione similique id autem pariatur. Sed aut fugiat culpa libero. Dolor dolor amet a esse ab totam recusandae. Et maiores enim velit quis cupiditate. Eos fugiat sequi praesentium vel quis sed beatae. Ut cumque rerum qui sapiente.', '2023-01-19 19:48:40', '2023-01-19 19:48:40'),
(16, 40, 8, 'Ipsam nulla praesentium commodi beatae.', 'ipsam-nulla-praesentium-commodi-beatae.', 3, 'https://picsum.photos/640/480', 'Et sit qui ea quo. Voluptas voluptas asperiores voluptatum dicta eos consequuntur. Itaque optio earum animi voluptas doloribus. Nostrum autem voluptates qui consequatur placeat. Sunt minus harum molestiae. Amet magnam dolor tempore est perspiciatis sint. Et eos dolore vero et. Rerum dolorem qui debitis eius.', '2023-01-19 19:48:40', '2023-01-19 19:48:40'),
(17, 23, 9, 'Placeat quasi nam excepturi commodi quisquam.', 'placeat-quasi-nam-excepturi-commodi-quisquam.', 8, 'https://picsum.photos/640/480', 'Laudantium vel natus non architecto placeat. Et praesentium eveniet molestias ut. Architecto qui expedita assumenda quod totam. Occaecati sit quas porro voluptatem explicabo velit aut. Reiciendis laudantium omnis doloribus maiores non quisquam.', '2023-01-19 19:48:40', '2023-01-19 19:48:40'),
(18, 75, 3, 'Quidem similique dolorum exercitationem sit voluptas quisquam ut.', 'quidem-similique-dolorum-exercitationem-sit-voluptas-quisquam-ut.', 99, 'https://picsum.photos/640/480', 'Adipisci quia voluptatibus dicta sed. Non consequatur nihil ex qui beatae. Quam asperiores esse beatae qui. Reprehenderit cum corporis dolor eum voluptates mollitia. Necessitatibus quidem et incidunt quis.', '2023-01-19 19:48:40', '2023-01-19 19:48:40'),
(19, 16, 7, 'Autem reiciendis impedit vero voluptatem.', 'autem-reiciendis-impedit-vero-voluptatem.', 20, 'https://picsum.photos/640/480', 'Officiis aut eum molestias et eaque ex sint. Quis cupiditate suscipit consectetur sint. In sint ab unde earum est praesentium distinctio. Vitae omnis aut doloremque et autem. Beatae et qui nostrum fuga sed. Aut esse unde esse.', '2023-01-19 19:48:40', '2023-01-19 19:48:40'),
(20, 67, 9, 'Odit quo et voluptatem culpa assumenda.', 'odit-quo-et-voluptatem-culpa-assumenda.', 11, 'https://picsum.photos/640/480', 'Ab ipsam dignissimos quae adipisci sapiente commodi. Impedit excepturi pariatur eos nam ut. Atque reprehenderit quibusdam mollitia consectetur sed qui porro. Est quo odio voluptates nesciunt dignissimos. Quia ullam eum maxime rerum temporibus voluptas.', '2023-01-19 19:48:40', '2023-01-19 19:48:40'),
(21, 65, 5, 'Commodi earum commodi hic laborum nesciunt at veritatis molestias.', 'commodi-earum-commodi-hic-laborum-nesciunt-at-veritatis-molestias.', 63, 'https://picsum.photos/640/480', 'Iste occaecati beatae voluptas in iusto temporibus occaecati voluptatem. Blanditiis vitae et error magni at. Eos eveniet nesciunt sunt velit nam mollitia. Repudiandae vero neque voluptatum omnis. Et a fugiat eaque ullam iste consequatur id rerum. Et aliquid molestiae et unde nihil corporis molestiae ab.', '2023-01-19 19:48:40', '2023-01-19 19:48:40'),
(22, 51, 2, 'Dolorum maxime est magnam.', 'dolorum-maxime-est-magnam.', 61, 'https://picsum.photos/640/480', 'Saepe tenetur eum aspernatur. Laborum quos commodi iste dicta dolores. Omnis ut qui occaecati corporis. Ratione exercitationem officia ea ea laboriosam laboriosam omnis. Tenetur ut quisquam ducimus eos rerum et. Est fugit voluptatem dolorum est exercitationem enim. Pariatur similique iste laboriosam quidem ullam.', '2023-01-19 19:48:40', '2023-01-19 19:48:40'),
(23, 10, 7, 'Facilis repellendus debitis voluptate placeat ea beatae qui tempora.', 'facilis-repellendus-debitis-voluptate-placeat-ea-beatae-qui-tempora.', 36, 'https://picsum.photos/640/480', 'Laboriosam voluptas sunt labore modi consequatur voluptatem est. Et velit et aperiam rerum eum. Quia molestias omnis optio officia quasi. Est sunt et sunt error reiciendis. Aperiam nemo est deserunt optio qui. Ullam a repellat exercitationem odit nihil modi.', '2023-01-19 19:48:40', '2023-01-19 19:48:40'),
(24, 12, 3, 'Earum alias ut ut et asperiores nesciunt dolor vel.', 'earum-alias-ut-ut-et-asperiores-nesciunt-dolor-vel.', 12, 'https://picsum.photos/640/480', 'Repudiandae qui ipsum velit nobis quaerat. Velit ullam natus sit doloremque est molestias facere. Explicabo dolores perspiciatis nostrum ut tempora recusandae ratione. Quisquam quibusdam excepturi consequatur. Ut nesciunt in necessitatibus laboriosam. Enim sit dolorem consequatur quidem.', '2023-01-19 19:48:40', '2023-01-19 19:48:40'),
(25, 20, 7, 'Aut qui blanditiis tenetur sapiente.', 'aut-qui-blanditiis-tenetur-sapiente.', 19, 'https://picsum.photos/640/480', 'Sed illo occaecati quos cupiditate non hic. Explicabo voluptatem qui sit id eum facere maxime nam. Qui dolorem ab quidem cupiditate. Et excepturi cupiditate labore. Itaque libero recusandae sunt. Natus aliquam aut nihil saepe esse nemo quo. Nesciunt enim esse inventore vitae atque.', '2023-01-19 19:48:40', '2023-01-19 19:48:40'),
(26, 93, 9, 'Doloremque et cum consequatur quibusdam ut voluptatem maiores.', 'doloremque-et-cum-consequatur-quibusdam-ut-voluptatem-maiores.', 11, 'https://picsum.photos/640/480', 'Et enim deleniti cupiditate at. Fugiat eveniet aut pariatur architecto qui culpa. Delectus aliquam nisi eum voluptates magni. Fugiat magni molestias provident occaecati beatae adipisci magni.', '2023-01-19 19:48:40', '2023-01-19 19:48:40'),
(27, 16, 9, 'Enim minus vel minima eligendi odio qui.', 'enim-minus-vel-minima-eligendi-odio-qui.', 19, 'https://picsum.photos/640/480', 'Qui quis nemo tempora. Voluptatem vel et atque et atque. Et ea vero velit id aut. Nostrum quos libero illo inventore non repellendus. Et aliquid temporibus voluptas nulla similique.', '2023-01-19 19:48:40', '2023-01-19 19:48:40'),
(28, 23, 3, 'Modi voluptas perspiciatis sed hic a aut nesciunt totam.', 'modi-voluptas-perspiciatis-sed-hic-a-aut-nesciunt-totam.', 8, 'https://picsum.photos/640/480', 'Atque ea rerum quo minima nesciunt ipsum minima. Esse optio quo minima officia et quibusdam ab. Id ipsum adipisci nemo et. Aperiam fugit impedit eum et. Ut qui nihil sed sit voluptatem magnam. Voluptatibus exercitationem sit vel ducimus cum.', '2023-01-19 19:48:40', '2023-01-19 19:48:40'),
(29, 96, 7, 'Omnis qui ut aspernatur blanditiis sed fuga.', 'omnis-qui-ut-aspernatur-blanditiis-sed-fuga.', 85, 'https://picsum.photos/640/480', 'Quia at sed aut porro explicabo asperiores autem. Quia iusto qui sit beatae soluta ab dolor. Nisi accusantium et numquam suscipit molestias. Cum nesciunt et nihil voluptatem sequi.', '2023-01-19 19:48:40', '2023-01-19 19:48:40'),
(30, 55, 1, 'Dolor non aut blanditiis corporis dolores est.', 'dolor-non-aut-blanditiis-corporis-dolores-est.', 7, 'https://picsum.photos/640/480', 'Assumenda quo commodi magni cum quia. Sunt culpa natus non recusandae quas vitae tempora. Veritatis rem qui facilis ea fugit cupiditate. Molestiae ut eos nihil voluptatem odio reiciendis architecto. Velit occaecati voluptatem aut minima. In quos consequuntur et repellat et impedit reprehenderit. Dignissimos ut non et quia.', '2023-01-19 19:48:40', '2023-01-19 19:48:40'),
(31, 31, 10, 'Nesciunt necessitatibus architecto autem quo atque repellendus.', 'nesciunt-necessitatibus-architecto-autem-quo-atque-repellendus.', 22, 'https://picsum.photos/640/480', 'Dolor provident explicabo in harum dolorum id velit. Ipsum veritatis reiciendis maiores et et numquam fugit nostrum. Qui sit aut qui temporibus aspernatur possimus. Asperiores vero molestiae et dolorum voluptatem cumque.', '2023-01-19 19:48:40', '2023-01-19 19:48:40'),
(32, 100, 8, 'Numquam est odio et ducimus eveniet rerum omnis est.', 'numquam-est-odio-et-ducimus-eveniet-rerum-omnis-est.', 62, 'https://picsum.photos/640/480', 'Vel qui qui et impedit excepturi. Vel quod qui aliquid similique pariatur consequuntur. Quia hic dolore minima provident id accusantium sit atque. Fuga omnis at dolore nemo officiis. Aut culpa saepe suscipit qui alias et.', '2023-01-19 19:48:40', '2023-01-19 19:48:40'),
(33, 45, 6, 'Architecto doloremque minima quas maiores omnis quam.', 'architecto-doloremque-minima-quas-maiores-omnis-quam.', 50, 'https://picsum.photos/640/480', 'Atque vel autem ab sed aut. Quis et repudiandae qui adipisci sit libero. Nostrum quo voluptatem ut sunt. Modi consequatur recusandae qui provident dicta. Aut at expedita et odio consequuntur.', '2023-01-19 19:48:40', '2023-01-19 19:48:40'),
(34, 82, 10, 'Ut laborum excepturi facere nobis dolorem.', 'ut-laborum-excepturi-facere-nobis-dolorem.', 3, 'https://picsum.photos/640/480', 'Incidunt molestias et est ipsum quia ut. Nostrum voluptatem et aperiam veniam laborum. Fugiat corrupti in molestiae dolores dolorum sit. In beatae unde mollitia non nulla omnis. Ipsa laborum maxime consequatur rem. Aliquid qui cum at voluptatem.', '2023-01-19 19:48:40', '2023-01-19 19:48:40'),
(35, 17, 8, 'Voluptatem et ea voluptas quia quia occaecati temporibus.', 'voluptatem-et-ea-voluptas-quia-quia-occaecati-temporibus.', 12, 'https://picsum.photos/640/480', 'Rerum dolorem omnis ipsam occaecati excepturi. Hic libero nam aut dolores laudantium commodi rerum et. Libero dicta repellendus itaque. Enim ea alias sunt et a est.', '2023-01-19 19:48:40', '2023-01-19 19:48:40'),
(36, 90, 4, 'Et facilis vero aliquam error beatae.', 'et-facilis-vero-aliquam-error-beatae.', 52, 'https://picsum.photos/640/480', 'Iusto harum harum officiis deserunt accusantium ut quia. Illum quisquam beatae voluptatem consequatur sit qui ex. Sunt nulla a similique quis. Optio ut laudantium aspernatur ipsum minima. Non corrupti ut qui. Nisi rerum eum quas similique ipsa et facere placeat.', '2023-01-19 19:48:40', '2023-01-19 19:48:40'),
(37, 11, 9, 'Non fugit ullam deleniti occaecati et reprehenderit ea.', 'non-fugit-ullam-deleniti-occaecati-et-reprehenderit-ea.', 2, 'https://picsum.photos/640/480', 'Soluta enim nostrum necessitatibus labore velit. Ratione reiciendis aut voluptatem et consequatur officia facilis. Quo quod nisi maxime at. Ut asperiores culpa ratione expedita magnam enim rerum.', '2023-01-19 19:48:40', '2023-01-19 19:48:40'),
(38, 69, 10, 'Officia officiis ullam exercitationem hic.', 'officia-officiis-ullam-exercitationem-hic.', 20, 'https://picsum.photos/640/480', 'Sint illum ut quae. Et velit iste in ab. Consequatur mollitia tempora autem quis velit et earum. Et recusandae at numquam.', '2023-01-19 19:48:40', '2023-01-19 19:48:40');
INSERT INTO `posts` (`id`, `user_id`, `category_id`, `title`, `slug`, `visits`, `image`, `description`, `created_at`, `updated_at`) VALUES
(39, 64, 3, 'Esse tenetur molestias dolor necessitatibus.', 'esse-tenetur-molestias-dolor-necessitatibus.', 69, 'https://picsum.photos/640/480', 'In ea adipisci temporibus. Consequatur cum quaerat maiores incidunt iste nobis eos deleniti. Quisquam quia ipsa porro. Ut nisi dolore et autem. Animi incidunt est ipsam est.', '2023-01-19 19:48:40', '2023-01-19 19:48:40'),
(40, 34, 1, 'Exercitationem eos similique sunt quia voluptatum.', 'exercitationem-eos-similique-sunt-quia-voluptatum.', 57, 'https://picsum.photos/640/480', 'Alias ipsum est molestiae quo adipisci quisquam et. Ipsam enim est et maiores. Accusantium aut velit odio blanditiis voluptatibus quia. Ipsam sit unde voluptatem minima dolorem cupiditate. Officiis facilis nesciunt reprehenderit modi est numquam vel.', '2023-01-19 19:48:40', '2023-01-19 19:48:40'),
(41, 62, 4, 'Non consequatur dicta libero.', 'non-consequatur-dicta-libero.', 67, 'https://picsum.photos/640/480', 'Dicta necessitatibus nisi rerum eaque sed. Quibusdam laudantium quos enim deleniti tenetur. Sunt voluptate cupiditate sunt libero. Ea voluptatibus laudantium at et accusantium. Consequuntur voluptates occaecati et ut vitae. Ipsum est ipsum odit sint aspernatur et et impedit.', '2023-01-19 19:48:40', '2023-01-19 19:48:40'),
(42, 54, 4, 'Ducimus quo distinctio maiores voluptates officia.', 'ducimus-quo-distinctio-maiores-voluptates-officia.', 67, 'https://picsum.photos/640/480', 'Voluptate harum beatae quo facere. Sit laboriosam officiis porro quibusdam cum expedita. Inventore dignissimos omnis qui ipsa ut optio dolores. Quasi accusamus qui sed iste et. Tempore et rerum corrupti vero quaerat. Pariatur quo voluptas id quasi facilis deleniti. Porro aut minima dolor cumque.', '2023-01-19 19:48:40', '2023-01-19 19:48:40'),
(43, 78, 3, 'Quo consectetur blanditiis doloremque voluptatem amet distinctio.', 'quo-consectetur-blanditiis-doloremque-voluptatem-amet-distinctio.', 68, 'https://picsum.photos/640/480', 'Id sunt ut similique rem quia. Ducimus vel sint voluptas. Odit beatae temporibus corrupti. Quos voluptatem quae mollitia provident distinctio. Molestiae facere excepturi dolorem cumque necessitatibus.', '2023-01-19 19:48:40', '2023-01-19 19:48:40'),
(44, 100, 5, 'Sed dolores sapiente perferendis rerum dignissimos.', 'sed-dolores-sapiente-perferendis-rerum-dignissimos.', 44, 'https://picsum.photos/640/480', 'Modi maxime maxime odio nulla quo et provident ipsam. Molestiae totam exercitationem cupiditate debitis corrupti quaerat. Vel accusantium repellendus molestiae quidem consequuntur laudantium amet. Est mollitia est labore ipsam. Enim labore aut maxime. Minima repellat nobis voluptatem dolor dolores dolor.', '2023-01-19 19:48:40', '2023-01-19 19:48:40'),
(45, 14, 8, 'In nulla enim amet nulla.', 'in-nulla-enim-amet-nulla.', 8, 'https://picsum.photos/640/480', 'Ipsam sed commodi accusantium veniam culpa consequatur veritatis. Cum rem ut quidem suscipit. Et nobis tempore ea commodi veritatis velit. Magni inventore debitis officia eaque quas consectetur id. Id et ut qui ipsa ut aut modi. Nemo aut adipisci recusandae eos. Delectus suscipit porro corporis tempora itaque rerum omnis.', '2023-01-19 19:48:40', '2023-01-19 19:48:40'),
(46, 33, 8, 'Expedita velit est quod consequatur odio quo.', 'expedita-velit-est-quod-consequatur-odio-quo.', 96, 'https://picsum.photos/640/480', 'Velit atque optio non recusandae explicabo non et cumque. Illum est aliquam sint. Laboriosam quaerat architecto officiis quaerat et omnis pariatur. Quis iste dicta qui in. Voluptatem placeat autem aut est saepe aperiam velit.', '2023-01-19 19:48:40', '2023-01-19 19:48:40'),
(47, 80, 5, 'Quod quidem molestias aliquam laborum est.', 'quod-quidem-molestias-aliquam-laborum-est.', 44, 'https://picsum.photos/640/480', 'Voluptas mollitia unde ipsum ea cum saepe. Et maiores dicta delectus aut est. Facere facere voluptatem blanditiis. Ut a totam itaque possimus. Excepturi voluptas corrupti doloremque reprehenderit. Illum id qui molestias harum repellat et autem. Architecto placeat quia voluptatem modi quisquam qui.', '2023-01-19 19:48:40', '2023-01-19 19:48:40'),
(48, 8, 10, 'Dolores totam excepturi error atque magni fuga.', 'dolores-totam-excepturi-error-atque-magni-fuga.', 25, 'https://picsum.photos/640/480', 'Tempore maxime odit soluta aperiam dolores a quia. Ratione qui illo quia repudiandae minima unde est. Voluptatem est molestiae laboriosam harum. Ipsum voluptatum porro et et. Mollitia nesciunt odit sapiente eum consequatur.', '2023-01-19 19:48:40', '2023-01-19 19:48:40'),
(49, 97, 4, 'Enim illum itaque omnis dolor.', 'enim-illum-itaque-omnis-dolor.', 34, 'https://picsum.photos/640/480', 'Voluptatem ipsa voluptatem tempore magni sed autem sapiente. Vitae repellendus rerum suscipit pariatur. Voluptatem ratione veniam quae optio expedita ut. Eligendi delectus iste corrupti molestiae minus vel doloribus. Exercitationem quos enim laboriosam vitae non. Sequi ea voluptatem a nihil unde mollitia. Et vel esse voluptate impedit minima ut.', '2023-01-19 19:48:40', '2023-01-19 19:48:40'),
(50, 28, 4, 'Quo ut enim maiores accusamus ex nihil.', 'quo-ut-enim-maiores-accusamus-ex-nihil.', 69, 'https://picsum.photos/640/480', 'Nemo et doloremque a ut aut. Magnam sunt laboriosam nam. Rerum voluptatem laboriosam dolorem consequatur dolor repellendus et. Et molestiae qui et qui ipsam.', '2023-01-19 19:48:40', '2023-01-19 19:48:40'),
(51, 94, 3, 'Sed dolor saepe saepe repudiandae perspiciatis doloremque corrupti architecto.', 'sed-dolor-saepe-saepe-repudiandae-perspiciatis-doloremque-corrupti-architecto.', 34, 'https://picsum.photos/640/480', 'Tenetur tempora doloremque aliquam molestias sit. Ut et explicabo suscipit soluta. Corporis odit accusamus sunt qui architecto excepturi. Repellat vitae sunt quis mollitia.', '2023-01-19 19:48:40', '2023-01-19 19:48:40'),
(52, 4, 6, 'Earum eos deserunt ut possimus error.', 'earum-eos-deserunt-ut-possimus-error.', 60, 'https://picsum.photos/640/480', 'Reiciendis voluptatem dicta cupiditate cumque repellat sed sed. Numquam quia sed sed neque. Voluptate qui accusamus soluta mollitia dignissimos non. Magnam molestiae voluptatem dolor.', '2023-01-19 19:48:40', '2023-01-19 19:48:40'),
(53, 33, 4, 'Ut cupiditate ut modi sit quas.', 'ut-cupiditate-ut-modi-sit-quas.', 78, 'https://picsum.photos/640/480', 'Occaecati debitis similique dignissimos quisquam debitis quas quia. Esse reprehenderit perspiciatis ullam accusamus. Minima tenetur velit nobis omnis et laboriosam. Illo velit voluptatum illum nobis est.', '2023-01-19 19:48:40', '2023-01-19 19:48:40'),
(54, 91, 9, 'Odio et deserunt et possimus ut id hic.', 'odio-et-deserunt-et-possimus-ut-id-hic.', 81, 'https://picsum.photos/640/480', 'Harum quia mollitia vero eos qui. Cumque minima dolores dicta provident et voluptas maxime. Perferendis omnis vitae laboriosam. Aut voluptatibus numquam et.', '2023-01-19 19:48:40', '2023-01-19 19:48:40'),
(55, 75, 1, 'Molestiae rerum asperiores velit voluptas.', 'molestiae-rerum-asperiores-velit-voluptas.', 53, 'https://picsum.photos/640/480', 'Sapiente voluptate ab est nostrum rem dolorem qui. Distinctio consequatur sit nulla voluptatem distinctio eum culpa. Fugiat ipsum et quos dolor. Maxime sed recusandae est beatae dolore omnis aspernatur. Esse vero veritatis nulla iste. Voluptatem illum molestiae architecto perspiciatis doloremque rerum.', '2023-01-19 19:48:40', '2023-01-19 19:48:40'),
(56, 11, 9, 'Nisi ut mollitia distinctio maxime praesentium tenetur.', 'nisi-ut-mollitia-distinctio-maxime-praesentium-tenetur.', 16, 'https://picsum.photos/640/480', 'Ullam quia culpa quidem natus aliquid asperiores. Facere voluptates quisquam veritatis quis magni consequatur. Dignissimos modi veritatis quis est. Incidunt provident blanditiis mollitia exercitationem. Omnis accusantium veniam dicta velit reiciendis in maxime.', '2023-01-19 19:48:40', '2023-01-19 19:48:40'),
(57, 13, 1, 'Nihil repellat sint quaerat non repellat rerum.', 'nihil-repellat-sint-quaerat-non-repellat-rerum.', 81, 'https://picsum.photos/640/480', 'Delectus voluptas sunt omnis odio. Quis dolores velit maiores. Expedita non praesentium in quos et. Quae omnis quia earum dolor sed quia eos.', '2023-01-19 19:48:40', '2023-01-19 19:48:40'),
(58, 12, 1, 'Vitae explicabo et aut autem dolorum ut.', 'vitae-explicabo-et-aut-autem-dolorum-ut.', 13, 'https://picsum.photos/640/480', 'Maiores error voluptatem praesentium corporis nisi exercitationem doloremque. Fugit quas neque voluptatum suscipit reiciendis sint qui. Blanditiis quia omnis dicta laudantium aut voluptate in qui. Et vel commodi et tempore rem. Adipisci suscipit quo sint atque incidunt. Minima omnis fugiat necessitatibus quis doloribus.', '2023-01-19 19:48:40', '2023-01-19 19:48:40'),
(59, 74, 8, 'Dolores culpa esse voluptates maiores necessitatibus.', 'dolores-culpa-esse-voluptates-maiores-necessitatibus.', 8, 'https://picsum.photos/640/480', 'Vero ut et consequuntur recusandae quibusdam aut. Rerum et nihil enim nobis est eum ducimus sit. Et sequi sapiente non eum omnis. Quidem reprehenderit aliquam iste nulla non. Ipsum incidunt temporibus est architecto ducimus doloribus odit qui.', '2023-01-19 19:48:40', '2023-01-19 19:48:40'),
(60, 1, 1, 'Est ad saepe expedita autem sit consequatur ullam.', 'est-ad-saepe-expedita-autem-sit-consequatur-ullam.', 98, 'https://picsum.photos/640/480', 'Temporibus facere quia dolores adipisci voluptates. Laudantium qui vitae nostrum fuga et voluptates inventore quasi. Ab natus qui vitae libero enim mollitia. Sit temporibus quidem consectetur iste aliquam consequatur. Quasi nobis commodi est libero consequatur beatae. Non aut aut ab ipsam. Et eos commodi et ut ut consequatur enim.', '2023-01-19 19:48:40', '2023-01-19 19:48:40'),
(61, 52, 5, 'Eligendi fugiat sunt dignissimos quas dignissimos quia et.', 'eligendi-fugiat-sunt-dignissimos-quas-dignissimos-quia-et.', 67, 'https://picsum.photos/640/480', 'Enim dolore praesentium repudiandae. Laudantium fugit unde eos distinctio id laborum molestias. Veritatis eaque doloremque laudantium aliquid qui dolorum facere. Est ex dolorem eos vel. Sequi et consectetur reiciendis mollitia. Dicta omnis quaerat qui ut. Eos fugiat voluptas sunt temporibus in error.', '2023-01-19 19:48:40', '2023-01-19 19:48:40'),
(62, 82, 3, 'Eos eveniet aspernatur ex ullam soluta unde sequi.', 'eos-eveniet-aspernatur-ex-ullam-soluta-unde-sequi.', 74, 'https://picsum.photos/640/480', 'Quis ex quia similique omnis iusto repellendus. Ullam sint sit dolor labore quasi debitis. Qui sint magnam non corporis sint quia. Atque iste molestias voluptatibus sint omnis quia eligendi.', '2023-01-19 19:48:40', '2023-01-19 19:48:40'),
(63, 48, 3, 'Explicabo iusto aliquid autem ex aspernatur nihil.', 'explicabo-iusto-aliquid-autem-ex-aspernatur-nihil.', 5, 'https://picsum.photos/640/480', 'Necessitatibus impedit iure recusandae. Accusamus et non non sed quas. Sint porro explicabo a necessitatibus. Illum aspernatur nemo odit eligendi. Reprehenderit ea necessitatibus nemo dolores quasi consequatur. Dolorum ducimus expedita dolor tempore.', '2023-01-19 19:48:40', '2023-01-19 19:48:40'),
(64, 9, 4, 'Quam sequi numquam sed autem.', 'quam-sequi-numquam-sed-autem.', 51, 'https://picsum.photos/640/480', 'Recusandae soluta ea ut expedita error. Quasi consequatur pariatur corporis ut quis voluptatibus. Aut modi aperiam aut doloribus beatae sapiente. In ipsa vitae et eius dignissimos. Reiciendis necessitatibus minima ut quidem.', '2023-01-19 19:48:40', '2023-01-19 19:48:40'),
(65, 73, 4, 'Et id velit necessitatibus culpa in reprehenderit.', 'et-id-velit-necessitatibus-culpa-in-reprehenderit.', 32, 'https://picsum.photos/640/480', 'Sit suscipit dolores est dolores sint facere quaerat. Debitis sit eius fugiat rerum est voluptatem. Sit dolores cum harum temporibus minima quo voluptates enim. Et ducimus non est est. Consequatur soluta placeat neque error voluptatem. Et consequuntur quo ex quas.', '2023-01-19 19:48:40', '2023-01-19 19:48:40'),
(66, 62, 1, 'Omnis quia ipsa omnis.', 'omnis-quia-ipsa-omnis.', 12, 'https://picsum.photos/640/480', 'Dolores voluptate incidunt velit accusamus omnis. Voluptatem labore modi et pariatur repellendus quos fuga non. Natus sit rerum autem dolorem odit. Delectus ex cupiditate quia. Sint voluptatem nisi praesentium. Et facilis excepturi ut non blanditiis qui.', '2023-01-19 19:48:40', '2023-01-19 19:48:40'),
(67, 12, 5, 'Et necessitatibus dolor quos quas numquam saepe.', 'et-necessitatibus-dolor-quos-quas-numquam-saepe.', 97, 'https://picsum.photos/640/480', 'Dolor eligendi dolor eum voluptatem sequi. Sit aliquid quia eum consequuntur sit cum et. Rerum porro aut unde aliquid omnis. Quos qui ex velit et tempore quo. Qui sunt commodi aliquam deserunt doloremque aliquam suscipit quia. Et reprehenderit impedit sint ipsam voluptatem. Neque ut mollitia voluptates quibusdam qui unde.', '2023-01-19 19:48:40', '2023-01-19 19:48:40'),
(68, 58, 7, 'Dicta culpa hic at molestias magni reiciendis.', 'dicta-culpa-hic-at-molestias-magni-reiciendis.', 42, 'https://picsum.photos/640/480', 'Rem reprehenderit ut iste. Sint rerum facere magnam perferendis sint. Quia velit qui quisquam totam et iusto nostrum. Neque dolores quia qui ut quis vero ut. Vitae dolorum quis unde autem quaerat aut.', '2023-01-19 19:48:40', '2023-01-19 19:48:40'),
(69, 36, 7, 'Sint eum sunt voluptatibus perspiciatis aliquid unde est.', 'sint-eum-sunt-voluptatibus-perspiciatis-aliquid-unde-est.', 75, 'https://picsum.photos/640/480', 'Quibusdam et qui doloribus provident optio dignissimos velit repellendus. Labore perspiciatis et culpa odit quia omnis. Voluptatem suscipit sed sit occaecati cupiditate aut. Et consequuntur ipsam deleniti dolor et sit. Magnam sint porro quas ut dolorem.', '2023-01-19 19:48:40', '2023-01-19 19:48:40'),
(70, 22, 7, 'Provident molestiae corporis omnis sunt itaque velit.', 'provident-molestiae-corporis-omnis-sunt-itaque-velit.', 12, 'https://picsum.photos/640/480', 'Voluptas molestiae et corporis aliquid dolor blanditiis et. Aut enim praesentium sint eligendi est exercitationem. Placeat rerum consequatur minima nulla. Autem occaecati quia quas molestiae.', '2023-01-19 19:48:40', '2023-01-19 19:48:40'),
(71, 78, 3, 'Tempore perferendis ut est beatae.', 'tempore-perferendis-ut-est-beatae.', 22, 'https://picsum.photos/640/480', 'Consequatur quo et velit aut doloremque dolor. Impedit accusantium non rerum. Nam architecto quae laudantium quas corrupti dolore. Ut quia molestiae non laborum. Et consequatur ipsa deserunt.', '2023-01-19 19:48:40', '2023-01-19 19:48:40'),
(72, 3, 2, 'Soluta rerum porro nihil rerum velit tempore.', 'soluta-rerum-porro-nihil-rerum-velit-tempore.', 73, 'https://picsum.photos/640/480', 'Rerum impedit molestiae cum sed a qui provident. Quae distinctio modi id itaque illum explicabo vel. Veniam est architecto dolore doloremque ut quasi perspiciatis. Similique non nihil dolore vel deleniti. Quae enim est numquam.', '2023-01-19 19:48:40', '2023-01-19 19:48:40'),
(73, 67, 10, 'Itaque tenetur placeat sed voluptatem sit aut.', 'itaque-tenetur-placeat-sed-voluptatem-sit-aut.', 36, 'https://picsum.photos/640/480', 'Ut repellendus eius omnis. Quo est voluptate eius. Porro tempora in doloribus animi. Sunt aut dolorem culpa enim ut enim omnis nam. Esse autem voluptatem illum cum illum cupiditate. Sit tempore nihil enim nemo. Praesentium minus dolores quas deserunt quidem ipsa.', '2023-01-19 19:48:40', '2023-01-19 19:48:40'),
(74, 48, 9, 'Accusantium nobis facilis et enim.', 'accusantium-nobis-facilis-et-enim.', 9, 'https://picsum.photos/640/480', 'Eligendi dolores eum veritatis ab consequatur. Architecto iste in distinctio harum. Magni est nobis ut dolore ipsa possimus. Enim voluptates architecto similique consequatur modi deleniti ex sapiente.', '2023-01-19 19:48:40', '2023-01-19 19:48:40'),
(75, 47, 4, 'Quam quas recusandae ea occaecati et qui dolore.', 'quam-quas-recusandae-ea-occaecati-et-qui-dolore.', 3, 'https://picsum.photos/640/480', 'Inventore aut sunt et itaque dolores est nobis. Minima mollitia reprehenderit aliquid harum. Aperiam voluptas molestiae sunt vitae iusto reprehenderit. Possimus ea nulla consequuntur a nulla quas voluptas. Autem omnis est qui quis. Accusamus blanditiis sint autem facilis et cum sit.', '2023-01-19 19:48:40', '2023-01-19 19:48:40'),
(76, 12, 8, 'Quis veniam tempora pariatur consequatur dolores ipsum et.', 'quis-veniam-tempora-pariatur-consequatur-dolores-ipsum-et.', 21, 'https://picsum.photos/640/480', 'Sit voluptatem vero ut doloribus ut ipsa itaque esse. Voluptatum laudantium consequatur iste eaque. Sit cum est eum est. Ut at quam non aut hic corporis. Molestiae et eius incidunt quia.', '2023-01-19 19:48:40', '2023-01-19 19:48:40'),
(77, 93, 2, 'Enim eum provident suscipit deserunt voluptates fugit.', 'enim-eum-provident-suscipit-deserunt-voluptates-fugit.', 14, 'https://picsum.photos/640/480', 'Quisquam sed consequatur ut veniam ex. Eaque excepturi error molestiae expedita. Autem et dolores mollitia necessitatibus libero aut doloremque sit. Ut blanditiis temporibus natus.', '2023-01-19 19:48:40', '2023-01-19 19:48:40'),
(78, 66, 3, 'Repudiandae eos laboriosam consequatur ea.', 'repudiandae-eos-laboriosam-consequatur-ea.', 85, 'https://picsum.photos/640/480', 'Quaerat iusto pariatur ipsum asperiores explicabo quam. Perspiciatis iusto in voluptatum nemo neque soluta et. Quis incidunt inventore in aut quidem ut. Dolorem quasi voluptatem nihil harum. Nesciunt dolorem ipsum occaecati maiores. Quis repellendus est iusto exercitationem et minus ut blanditiis.', '2023-01-19 19:48:40', '2023-01-19 19:48:40'),
(79, 6, 6, 'Modi voluptatem consequatur iusto ut voluptatem nisi.', 'modi-voluptatem-consequatur-iusto-ut-voluptatem-nisi.', 49, 'https://picsum.photos/640/480', 'Quis quae omnis dolores sint. Cupiditate nemo quis similique et non. Debitis quod eius quo et est earum ut ut. Dolorum aliquid neque at. Sit excepturi consequuntur error sunt. Doloremque dolorum et esse laborum ea sit pariatur.', '2023-01-19 19:48:40', '2023-01-19 19:48:40'),
(80, 21, 8, 'Dolores facere quod dicta vero architecto numquam.', 'dolores-facere-quod-dicta-vero-architecto-numquam.', 69, 'https://picsum.photos/640/480', 'Consectetur ea voluptatem et et ipsam placeat ratione. Sed nobis aperiam saepe voluptatum. Corrupti ipsum magni pariatur deleniti est neque adipisci et. Aperiam velit tempora quaerat aut ipsam.', '2023-01-19 19:48:40', '2023-01-19 19:48:40'),
(81, 95, 10, 'Aut dolor perspiciatis soluta magni autem itaque recusandae.', 'aut-dolor-perspiciatis-soluta-magni-autem-itaque-recusandae.', 61, 'https://picsum.photos/640/480', 'Officia eveniet quidem doloremque aut esse veritatis. Quia dolor voluptatem eum ducimus et distinctio doloribus. Dolor illum rerum error officia voluptates. Rerum minima in sunt cum sed. Natus dolorum voluptas dicta molestias harum et at. Rem debitis consequatur et dolores odio similique dolorem.', '2023-01-19 19:48:40', '2023-01-19 19:48:40'),
(82, 46, 7, 'Expedita laborum beatae maxime cupiditate ut molestias omnis eos.', 'expedita-laborum-beatae-maxime-cupiditate-ut-molestias-omnis-eos.', 53, 'https://picsum.photos/640/480', 'Voluptates libero sed quia libero voluptatem consequuntur non ad. Voluptas consequuntur quia ipsa excepturi impedit quas. Et ut similique dignissimos quia temporibus distinctio amet. Hic saepe ut cumque consequatur enim. Temporibus quo asperiores temporibus veniam ipsa ut.', '2023-01-19 19:48:40', '2023-01-19 19:48:40'),
(83, 14, 8, 'Tenetur quidem et deleniti vero nam.', 'tenetur-quidem-et-deleniti-vero-nam.', 26, 'https://picsum.photos/640/480', 'Quod animi qui dignissimos officia. Rem est odit provident dolor rerum numquam autem. Quisquam deleniti quis nisi iusto debitis consequatur inventore. In non facilis aut. Animi et quaerat architecto. Natus ad error culpa itaque. Delectus nemo corporis non odit facere error.', '2023-01-19 19:48:40', '2023-01-19 19:48:40'),
(84, 88, 3, 'Facere possimus reiciendis nihil.', 'facere-possimus-reiciendis-nihil.', 28, 'https://picsum.photos/640/480', 'Cumque deserunt vero quae ad et. Omnis quaerat error quisquam et eligendi. Sit illum maiores non culpa totam occaecati. Maiores quam nobis quo ea. Saepe molestiae voluptate illum aut quae. Explicabo dignissimos in autem tenetur magni quia ea. Quis corrupti at nihil aut aspernatur facere dolor.', '2023-01-19 19:48:40', '2023-01-19 19:48:40'),
(85, 19, 4, 'Assumenda sit et dolorum molestiae aperiam repellat non et.', 'assumenda-sit-et-dolorum-molestiae-aperiam-repellat-non-et.', 73, 'https://picsum.photos/640/480', 'Vero at et tenetur quis quia fuga. Reprehenderit omnis ut et expedita laudantium. Sed iusto fuga qui. Quaerat consequatur atque est sit saepe quaerat et.', '2023-01-19 19:48:40', '2023-01-19 19:48:40'),
(86, 57, 9, 'Quaerat dignissimos dolores quia dolore ipsa distinctio beatae.', 'quaerat-dignissimos-dolores-quia-dolore-ipsa-distinctio-beatae.', 63, 'https://picsum.photos/640/480', 'Et aspernatur voluptate facilis illo. Est libero dolor et ea consequatur. Ab magnam et id unde consequatur eos quo maiores. Et minus laboriosam eaque animi minima animi totam.', '2023-01-19 19:48:40', '2023-01-19 19:48:40'),
(87, 44, 5, 'Voluptatem adipisci omnis non labore itaque et sint.', 'voluptatem-adipisci-omnis-non-labore-itaque-et-sint.', 18, 'https://picsum.photos/640/480', 'Expedita quibusdam eius ut voluptatem sed velit amet. At nihil eligendi nihil earum ut molestiae. Nulla et pariatur voluptas nihil. Et consectetur voluptate quibusdam ut aut ut beatae ab. Error cumque commodi facere quod.', '2023-01-19 19:48:40', '2023-01-19 19:48:40'),
(88, 71, 9, 'Tempora aut placeat ducimus laudantium.', 'tempora-aut-placeat-ducimus-laudantium.', 54, 'https://picsum.photos/640/480', 'Earum omnis tempore molestiae suscipit est. Deserunt eius sed itaque. Earum eum cumque repudiandae. Quia sit laborum enim quibusdam ut dolores ut nam. Reiciendis et est vero culpa enim ad suscipit. Occaecati quo est provident deserunt delectus. Ea qui dolorum illo voluptate non iste.', '2023-01-19 19:48:40', '2023-01-19 19:48:40'),
(89, 37, 8, 'Ipsum odio praesentium aperiam qui.', 'ipsum-odio-praesentium-aperiam-qui.', 18, 'https://picsum.photos/640/480', 'Quod ut repellat voluptatibus dolore perferendis. Praesentium facilis omnis nobis sed et. Voluptatem temporibus perspiciatis veniam nostrum magni voluptate quia reiciendis. Eius optio libero ipsa quia est tempora excepturi qui. Dolores dolorum qui commodi molestiae perspiciatis ut vero ipsum. Totam nobis velit est laudantium non consequatur aspernatur. Voluptatem voluptate ipsam ut ut odit voluptas harum et.', '2023-01-19 19:48:40', '2023-01-19 19:48:40'),
(90, 38, 6, 'Et pariatur voluptatibus dicta rerum omnis.', 'et-pariatur-voluptatibus-dicta-rerum-omnis.', 77, 'https://picsum.photos/640/480', 'Id nihil quia explicabo. Eos pariatur est magnam aut velit. Autem voluptatibus officia et deserunt. Esse officiis et quis. Quia tempore nisi eos dignissimos officiis libero officia nostrum. Hic ut enim nam nobis. Commodi deleniti quia quaerat et.', '2023-01-19 19:48:40', '2023-01-19 19:48:40'),
(91, 60, 3, 'Esse sed aut dolorum quisquam.', 'esse-sed-aut-dolorum-quisquam.', 86, 'https://picsum.photos/640/480', 'Aut eos rem nihil ad. Possimus beatae sunt illo distinctio nihil. Dicta labore qui cupiditate nam libero quaerat. Sint quia ipsum ea voluptas dolorem provident voluptas. Aut eaque voluptas ut earum molestias rerum architecto.', '2023-01-19 19:48:40', '2023-01-19 19:48:40'),
(92, 93, 7, 'Adipisci voluptatem ea odit ut minima et est.', 'adipisci-voluptatem-ea-odit-ut-minima-et-est.', 75, 'https://picsum.photos/640/480', 'Impedit eveniet molestiae architecto qui dolor non placeat. Possimus vitae aliquam temporibus dolor natus optio. Voluptates cum tempora dicta qui cupiditate quibusdam cupiditate. Occaecati sit dicta non inventore. Voluptatibus nisi aut molestiae rerum dolores deserunt. Iusto doloremque velit ut officia sint reprehenderit aliquid quos.', '2023-01-19 19:48:40', '2023-01-19 19:48:40'),
(93, 92, 2, 'Nihil rerum laborum non.', 'nihil-rerum-laborum-non.', 89, 'https://picsum.photos/640/480', 'Harum aut nulla quia unde dignissimos id ipsum. Porro qui quia amet non dolores odio autem officia. Enim exercitationem nam dolore occaecati labore ut et. Cupiditate sunt ex voluptatem quos quam sed eos quibusdam. Repellendus consequuntur laudantium consequatur inventore illum laborum.', '2023-01-19 19:48:40', '2023-01-19 19:48:40'),
(94, 24, 6, 'Aperiam eligendi sapiente eveniet qui fugiat quasi nihil.', 'aperiam-eligendi-sapiente-eveniet-qui-fugiat-quasi-nihil.', 6, 'https://picsum.photos/640/480', 'Non omnis et nemo corporis sint mollitia. Quia qui saepe suscipit consequatur aspernatur magnam. Qui rerum nulla sit vero nostrum quas. Harum sapiente sint quis esse vel quisquam quisquam. Aspernatur blanditiis impedit ipsa necessitatibus quae sint est. Ipsum qui voluptas quia qui ut et.', '2023-01-19 19:48:40', '2023-01-19 19:48:40'),
(95, 4, 2, 'Quis accusantium sint a architecto fuga dolores earum voluptatum.', 'quis-accusantium-sint-a-architecto-fuga-dolores-earum-voluptatum.', 80, 'https://picsum.photos/640/480', 'Aut quis officiis reprehenderit quisquam quia porro nulla. Reprehenderit libero ut qui repudiandae distinctio vel sit adipisci. Enim et nihil quam tempora commodi aut nisi deserunt. Aut et expedita quas. Omnis magni voluptatum molestiae blanditiis cumque sapiente. Odit consequatur quia sunt non molestias neque.', '2023-01-19 19:48:40', '2023-01-19 19:48:40'),
(96, 20, 9, 'Eaque quod exercitationem voluptatem.', 'eaque-quod-exercitationem-voluptatem.', 67, 'https://picsum.photos/640/480', 'Cum inventore quae aut. Veritatis qui accusantium quia vel officia. Perspiciatis aut praesentium est dolorum illo dolor ea. Sit vel cum esse qui et error esse. Consequatur quia perspiciatis quasi aut sapiente. Officia doloribus aliquid non aut rem harum sit.', '2023-01-19 19:48:40', '2023-01-19 19:48:40'),
(97, 1, 7, 'Voluptates aut inventore sed.', 'voluptates-aut-inventore-sed.', 50, 'https://picsum.photos/640/480', 'Impedit est ducimus temporibus quis corporis dolore. Incidunt earum beatae distinctio eligendi facilis quo. Eligendi qui voluptatem fuga quod. Numquam quis magni quasi laboriosam non quo exercitationem.', '2023-01-19 19:48:40', '2023-01-19 19:48:40'),
(98, 53, 8, 'Sed laborum vel et facilis rerum accusantium.', 'sed-laborum-vel-et-facilis-rerum-accusantium.', 70, 'https://picsum.photos/640/480', 'Et debitis corrupti animi labore doloremque voluptatem. Ut occaecati quod optio velit accusantium nihil magni. Aut eius soluta libero inventore occaecati porro. Delectus sed nemo ab sapiente accusamus consequatur molestiae. Eveniet distinctio vel voluptatem dicta consequatur. Id cupiditate fugiat quod suscipit. Rem voluptatem voluptatum dolor non neque.', '2023-01-19 19:48:40', '2023-01-19 19:48:40'),
(99, 3, 1, 'Et similique cumque laudantium voluptatem tenetur unde.', 'et-similique-cumque-laudantium-voluptatem-tenetur-unde.', 29, 'https://picsum.photos/640/480', 'Dolor neque earum eveniet enim officiis autem fugit. Ipsa et temporibus nam eligendi dolor ut. Omnis omnis et hic quia tempora. Iure qui ipsum atque. Aut vel modi facilis quia molestias. Odit cupiditate officiis eligendi assumenda voluptas rerum. Explicabo doloribus perferendis et qui fuga quasi eos.', '2023-01-19 19:48:40', '2023-01-19 19:48:40'),
(100, 38, 1, 'Accusantium consequatur commodi molestias.', 'accusantium-consequatur-commodi-molestias.', 72, 'https://picsum.photos/640/480', 'Et saepe dignissimos dolorem enim cum consequatur repellat. Et nesciunt veritatis in fuga odit est in. Itaque accusamus facere aut odit. Quod velit fuga molestiae quidem qui tempore ea et. Quisquam vel iusto nesciunt vitae accusantium itaque ratione. Iste blanditiis repellendus aliquam ut. Sit odit officiis sed cum alias quia aliquid.', '2023-01-19 19:48:40', '2023-01-19 19:48:40'),
(101, 10, 2, 'Minima tempore debitis tenetur.', 'minima-tempore-debitis-tenetur.', 37, 'https://picsum.photos/640/480', 'Fugiat perferendis numquam laborum eos fugiat quia pariatur. Deserunt blanditiis et sunt porro exercitationem quam. Error illo veritatis accusamus nam neque eos accusantium. Facilis aut delectus neque rerum tempora.', '2023-01-19 19:48:40', '2023-01-19 19:48:40'),
(102, 42, 1, 'Officiis quis voluptatem deleniti itaque delectus magni est.', 'officiis-quis-voluptatem-deleniti-itaque-delectus-magni-est.', 82, 'https://picsum.photos/640/480', 'Odio pariatur fuga et ullam. Reiciendis et id ullam similique eius incidunt. Sit iste unde possimus perferendis tenetur. Aspernatur nostrum architecto voluptatem rem. Libero modi cupiditate velit distinctio omnis. Quaerat deserunt quis optio corrupti id ut non. Amet voluptatem voluptas voluptates quas itaque aliquid voluptate dolore.', '2023-01-19 19:48:40', '2023-01-19 19:48:40'),
(103, 30, 6, 'Occaecati aut unde commodi in assumenda et commodi.', 'occaecati-aut-unde-commodi-in-assumenda-et-commodi.', 78, 'https://picsum.photos/640/480', 'Cum eveniet voluptatem repudiandae consequatur. Voluptas delectus aliquid sed vitae dolore aut delectus est. Sed sed amet quisquam sit quo occaecati soluta. Magnam autem dolor eveniet voluptatem. Laborum asperiores odio facilis quasi mollitia dolorum. Ea odit praesentium enim beatae aut adipisci quibusdam.', '2023-01-19 19:48:40', '2023-01-19 19:48:40'),
(104, 42, 1, 'Molestiae amet modi placeat aut sunt quisquam porro.', 'molestiae-amet-modi-placeat-aut-sunt-quisquam-porro.', 64, 'https://picsum.photos/640/480', 'Vero in enim assumenda dignissimos. Autem maiores et eos voluptatibus sapiente. Dolorem facere ea ea beatae ut inventore et rerum. Impedit fuga eius sunt id quia dignissimos in et. Ex qui aliquam quia.', '2023-01-19 19:48:40', '2023-01-19 19:48:40'),
(105, 71, 3, 'Et vel perferendis rerum cum voluptatem.', 'et-vel-perferendis-rerum-cum-voluptatem.', 9, 'https://picsum.photos/640/480', 'Qui qui quaerat deleniti consequatur ea. Tempora rem aut ut nihil. Aut saepe ab placeat cum et odio cumque maxime. Quisquam recusandae qui dolorem eaque aut.', '2023-01-19 19:48:40', '2023-01-19 19:48:40'),
(106, 40, 3, 'Iste praesentium ipsam labore nobis.', 'iste-praesentium-ipsam-labore-nobis.', 96, 'https://picsum.photos/640/480', 'Velit sapiente distinctio corrupti. Deserunt qui fugiat praesentium. Quo alias voluptatem voluptatem. Voluptatem ratione aliquam nemo necessitatibus fuga ea quod est. Cumque corrupti voluptatem veritatis non laborum doloremque et. Quibusdam eos cum officiis voluptates tempora est culpa. Eius amet quam et.', '2023-01-19 19:48:40', '2023-01-19 19:48:40'),
(107, 50, 2, 'Voluptatem qui nihil aut magnam.', 'voluptatem-qui-nihil-aut-magnam.', 47, 'https://picsum.photos/640/480', 'Quos temporibus eligendi placeat est. Explicabo delectus facilis saepe modi illum sunt perspiciatis. Veniam at corporis aut et eos. Et tempore laudantium temporibus.', '2023-01-19 19:48:40', '2023-01-19 19:48:40'),
(108, 1, 3, 'Explicabo corrupti iste veritatis et quisquam.', 'explicabo-corrupti-iste-veritatis-et-quisquam.', 86, 'https://picsum.photos/640/480', 'Eum repellat incidunt esse aperiam nemo. Adipisci explicabo incidunt ad est vel possimus ea. Aut expedita et pariatur non veritatis sint nulla. Quos pariatur maxime velit et sit eaque consequuntur sit.', '2023-01-19 19:48:40', '2023-01-19 19:48:40'),
(109, 18, 9, 'Accusantium quos veniam ipsum rerum officiis rerum.', 'accusantium-quos-veniam-ipsum-rerum-officiis-rerum.', 69, 'https://picsum.photos/640/480', 'Qui voluptas et voluptate et totam ratione. Quo error veritatis doloremque cumque cum aspernatur accusamus. Voluptatem incidunt optio repellat molestiae. Id consequuntur velit doloremque. Maiores fuga quos id similique. Enim reprehenderit ducimus sunt maiores blanditiis repellat saepe. Nostrum amet quam aliquid non ipsa culpa dolorum.', '2023-01-19 19:48:40', '2023-01-19 19:48:40'),
(110, 8, 10, 'Eum non aut qui.', 'eum-non-aut-qui.', 46, 'https://picsum.photos/640/480', 'Quisquam quia vel numquam est. Qui a et quae doloribus minus maiores dolorum. Modi aliquam sint rerum saepe est eum iure. Ipsam nam ut ab eum. Eum rerum odit vel id omnis ut ipsa.', '2023-01-19 19:48:40', '2023-01-19 19:48:40'),
(111, 54, 4, 'Voluptas corporis temporibus sunt laudantium dolorem earum pariatur.', 'voluptas-corporis-temporibus-sunt-laudantium-dolorem-earum-pariatur.', 38, 'https://picsum.photos/640/480', 'Qui voluptatibus quia a velit sit illum voluptatibus officia. Repellendus nostrum ut consectetur molestiae. Perferendis in eaque nam modi numquam sed. Qui saepe quia nam exercitationem ea placeat dolorum.', '2023-01-19 19:48:40', '2023-01-19 19:48:40'),
(112, 31, 7, 'Eius vero qui necessitatibus sit eius.', 'eius-vero-qui-necessitatibus-sit-eius.', 80, 'https://picsum.photos/640/480', 'Omnis aut repudiandae in et quaerat. Quia ut dolores enim voluptatem. Dolor nemo ut dolorum minus. Doloribus molestias autem nostrum et impedit ea. Voluptate harum libero et reiciendis debitis inventore.', '2023-01-19 19:48:40', '2023-01-19 19:48:40'),
(113, 93, 5, 'Ipsam possimus facilis a ut facilis quia.', 'ipsam-possimus-facilis-a-ut-facilis-quia.', 63, 'https://picsum.photos/640/480', 'Repudiandae dolorem vitae aut voluptatum laboriosam sed sunt. Nihil unde ab nam excepturi deserunt. Consequatur nihil iusto ut non eum. Enim possimus ducimus rem adipisci nihil officiis. Fugiat facere voluptas eum architecto.', '2023-01-19 19:48:40', '2023-01-19 19:48:40'),
(114, 56, 9, 'Vitae sequi beatae tenetur ducimus nam accusamus ut.', 'vitae-sequi-beatae-tenetur-ducimus-nam-accusamus-ut.', 2, 'https://picsum.photos/640/480', 'Omnis molestiae quia qui ex dignissimos. Sapiente voluptatem veniam veniam dolorem quo. Eaque error cumque error sit facere perferendis. Voluptas ea sint earum quas. Corporis quia et officia et quia vitae et. Inventore natus dolores et eveniet fugiat voluptatum repudiandae omnis. Inventore numquam ea aut odio vel rerum aut rerum.', '2023-01-19 19:48:40', '2023-01-19 19:48:40'),
(115, 60, 2, 'Distinctio excepturi deleniti molestiae quasi dolorem qui suscipit ullam.', 'distinctio-excepturi-deleniti-molestiae-quasi-dolorem-qui-suscipit-ullam.', 71, 'https://picsum.photos/640/480', 'Optio dicta libero temporibus aperiam dolor laudantium fugit. Qui eveniet sunt voluptas sequi eaque repellendus. Totam ea fugit labore quidem blanditiis. Fuga consequatur voluptate rerum ut asperiores est.', '2023-01-19 19:48:40', '2023-01-19 19:48:40'),
(116, 16, 4, 'Quod itaque ut reiciendis magni.', 'quod-itaque-ut-reiciendis-magni.', 80, 'https://picsum.photos/640/480', 'Eligendi dolores provident maiores sequi atque velit. Et soluta eaque voluptatibus aspernatur dolorum dolores consectetur. Debitis aut nostrum et consequatur consectetur animi. Non omnis culpa necessitatibus impedit doloribus. Sequi similique cum rerum magnam eligendi officiis fugiat. Aliquid ipsum molestiae sunt veniam sit harum.', '2023-01-19 19:48:40', '2023-01-19 19:48:40'),
(117, 39, 8, 'Culpa eaque odit sit quisquam quae et porro aspernatur.', 'culpa-eaque-odit-sit-quisquam-quae-et-porro-aspernatur.', 72, 'https://picsum.photos/640/480', 'Fugit dolor consequuntur quibusdam. Aut consequatur atque sint eos sed qui odit. Iste adipisci facere commodi qui voluptatibus quod et. Est et quibusdam dolore modi laboriosam hic. Eius impedit accusamus explicabo ex quas dolor nemo voluptate. Ut fugit et veritatis reprehenderit sapiente minus.', '2023-01-19 19:48:40', '2023-01-19 19:48:40'),
(118, 9, 7, 'Maxime atque soluta sint quis.', 'maxime-atque-soluta-sint-quis.', 1, 'https://picsum.photos/640/480', 'Repellendus illo dolor consequatur quas saepe quas quos nihil. Ut nam similique saepe dolorem voluptates. Repellendus eum voluptatem in beatae. Dolorum ut non id distinctio sed dignissimos. Iure optio facere consequatur non. Iure qui corrupti minima at. Tenetur voluptatum ipsa asperiores omnis.', '2023-01-19 19:48:40', '2023-01-19 19:48:40'),
(119, 85, 4, 'Et impedit qui voluptas distinctio est numquam asperiores.', 'et-impedit-qui-voluptas-distinctio-est-numquam-asperiores.', 2, 'https://picsum.photos/640/480', 'Ipsum velit pariatur sed sint sed suscipit. Nisi est quaerat corrupti eaque omnis inventore rerum sed. Sequi nobis labore aspernatur vel dolores. Quisquam sequi eius voluptates qui.', '2023-01-19 19:48:40', '2023-01-19 19:48:40'),
(120, 13, 3, 'Ipsa officiis quod eius at perspiciatis.', 'ipsa-officiis-quod-eius-at-perspiciatis.', 5, 'https://picsum.photos/640/480', 'Nemo sit odio cum velit ut culpa quas hic. Neque reprehenderit rerum qui. Quia at qui fuga doloremque eos. Et id fugit explicabo vero neque adipisci pariatur.', '2023-01-19 19:48:40', '2023-01-19 19:48:40'),
(121, 2, 3, 'Odio et dolores dolor facere voluptas laboriosam est.', 'odio-et-dolores-dolor-facere-voluptas-laboriosam-est.', 39, 'https://picsum.photos/640/480', 'Animi quod inventore quod at qui. Et hic quia praesentium dolorem laborum et est. Eum et quia laboriosam accusantium et. Unde aperiam amet aut sit velit.', '2023-01-19 19:48:40', '2023-01-19 19:48:40'),
(122, 35, 4, 'Est adipisci et fugit ut.', 'est-adipisci-et-fugit-ut.', 21, 'https://picsum.photos/640/480', 'Quam qui animi rem rem nulla nobis eum reiciendis. Doloribus voluptatem saepe et sed. Autem odit voluptatibus aut quia fuga. Voluptas quibusdam est eius beatae voluptatem aut. Libero recusandae dolorem sunt voluptas.', '2023-01-19 19:48:40', '2023-01-19 19:48:40'),
(123, 33, 7, 'Voluptas voluptatem rem aliquid aliquid vitae est aperiam.', 'voluptas-voluptatem-rem-aliquid-aliquid-vitae-est-aperiam.', 70, 'https://picsum.photos/640/480', 'Ut facilis mollitia numquam quae qui id vel. Magni sint nobis adipisci fugiat vitae maiores amet. Illo non nulla minus mollitia iusto id. Eveniet pariatur dolor explicabo nobis. Nesciunt dolore in quasi maiores. Quo voluptatem eius nobis omnis ratione incidunt. Nostrum consequuntur non animi.', '2023-01-19 19:48:40', '2023-01-19 19:48:40'),
(124, 81, 7, 'Quidem est et at iste blanditiis et.', 'quidem-est-et-at-iste-blanditiis-et.', 38, 'https://picsum.photos/640/480', 'Quia officia sint consectetur est ratione animi. Esse aliquam temporibus quo blanditiis rerum suscipit repudiandae. In aut labore omnis. Minus autem sunt molestiae minus. Incidunt quis voluptate et totam aut quia. Ut quod minus pariatur excepturi reiciendis ab quis et.', '2023-01-19 19:48:40', '2023-01-19 19:48:40'),
(125, 60, 4, 'Magnam voluptatem maxime occaecati magni hic totam suscipit.', 'magnam-voluptatem-maxime-occaecati-magni-hic-totam-suscipit.', 3, 'https://picsum.photos/640/480', 'Fuga voluptas libero eum consequatur. Pariatur debitis eos facere qui distinctio. Et ut velit esse exercitationem tempore quisquam commodi. Aut in in qui ea vero laudantium.', '2023-01-19 19:48:40', '2023-01-19 19:48:40'),
(126, 41, 3, 'Rerum ut et voluptatibus incidunt sed.', 'rerum-ut-et-voluptatibus-incidunt-sed.', 26, 'https://picsum.photos/640/480', 'Ad maiores tempore et odio. Debitis velit omnis ipsam fuga ratione ab aliquid. Ea recusandae ducimus sunt. Autem sint excepturi ipsa aliquam eius nostrum sed. Ab beatae ratione inventore. Omnis vero eveniet facere eos. Sequi quia et ipsam deserunt natus numquam officia.', '2023-01-19 19:48:40', '2023-01-19 19:48:40'),
(127, 11, 4, 'Dolorem aspernatur dolor et ducimus iure quo odit cupiditate.', 'dolorem-aspernatur-dolor-et-ducimus-iure-quo-odit-cupiditate.', 96, 'https://picsum.photos/640/480', 'Suscipit et aut doloremque. Nulla veniam veritatis perspiciatis nulla. Esse eius in magni et odio voluptas corrupti. Voluptatem incidunt qui nemo. Et facilis ratione illo eum eius sit.', '2023-01-19 19:48:40', '2023-01-19 19:48:40'),
(128, 14, 1, 'Numquam incidunt excepturi repudiandae ullam dolor rerum quia assumenda.', 'numquam-incidunt-excepturi-repudiandae-ullam-dolor-rerum-quia-assumenda.', 80, 'https://picsum.photos/640/480', 'Explicabo sed est pariatur nisi. Qui ea odit qui fugiat. Velit dicta neque laborum sit qui. Est minima laudantium sed expedita aperiam. Quas quaerat facere minima porro velit libero totam molestias. Officiis et ut reiciendis voluptate explicabo. Perspiciatis aliquid omnis sed odit est.', '2023-01-19 19:48:40', '2023-01-19 19:48:40'),
(129, 73, 5, 'Impedit vel error labore aliquid non sit repudiandae.', 'impedit-vel-error-labore-aliquid-non-sit-repudiandae.', 80, 'https://picsum.photos/640/480', 'Eos sint aliquam incidunt suscipit. Qui sit ducimus quod ratione non id aut. Ut dolorum et mollitia a odit sed. Esse enim error dolor asperiores. Placeat doloribus voluptas culpa libero officiis qui fugit. Rem sed iure aut voluptas consectetur assumenda est.', '2023-01-19 19:48:40', '2023-01-19 19:48:40'),
(130, 97, 4, 'Eaque quia accusantium dolorem facere et perferendis labore.', 'eaque-quia-accusantium-dolorem-facere-et-perferendis-labore.', 85, 'https://picsum.photos/640/480', 'Accusamus illum et labore nisi adipisci. Repudiandae autem error consequatur non quae cupiditate. Nostrum ipsam exercitationem quae iure illum. Reiciendis corporis odit dignissimos quia eligendi qui.', '2023-01-19 19:48:40', '2023-01-19 19:48:40'),
(131, 42, 3, 'Animi dolorem nesciunt cum a.', 'animi-dolorem-nesciunt-cum-a.', 14, 'https://picsum.photos/640/480', 'Consequuntur dolores est ducimus voluptatem aut sequi. Sequi voluptate odio natus porro. Sed odit ea molestiae sed quis error voluptatem vitae. Iure esse atque dolorum aut rerum aut nemo. Est delectus illum voluptas odio. Libero magnam voluptate minima magnam voluptatem.', '2023-01-19 19:48:40', '2023-01-19 19:48:40'),
(132, 31, 7, 'A id quasi quos id temporibus quis.', 'a-id-quasi-quos-id-temporibus-quis.', 8, 'https://picsum.photos/640/480', 'Veniam eligendi dolorum est placeat et exercitationem unde. Dolor doloremque voluptas laborum minima assumenda. Et autem esse dolor. Iure sit necessitatibus culpa et nihil quisquam tempora est. Fuga atque enim voluptatem qui distinctio. Dignissimos reprehenderit consectetur consequatur nulla.', '2023-01-19 19:48:40', '2023-01-19 19:48:40'),
(133, 67, 1, 'Aut quibusdam eum eligendi corporis.', 'aut-quibusdam-eum-eligendi-corporis.', 8, 'https://picsum.photos/640/480', 'Omnis consequatur non ut aut non. Recusandae ratione asperiores repellendus. Quia dolorum voluptatem eum est. Perferendis vitae eius perferendis est. Non non enim voluptatem commodi.', '2023-01-19 19:48:40', '2023-01-19 19:48:40'),
(134, 93, 9, 'Harum ducimus vel corrupti totam aliquid modi nam.', 'harum-ducimus-vel-corrupti-totam-aliquid-modi-nam.', 16, 'https://picsum.photos/640/480', 'Beatae quam nobis maxime eius non a ad. Voluptatem explicabo aut laudantium quam voluptatem. Quo enim incidunt quod ipsum non. Corrupti tempora dolorem sint corporis delectus.', '2023-01-19 19:48:40', '2023-01-19 19:48:40'),
(135, 80, 10, 'Voluptate ipsa laboriosam eaque incidunt dolores et unde.', 'voluptate-ipsa-laboriosam-eaque-incidunt-dolores-et-unde.', 73, 'https://picsum.photos/640/480', 'Tenetur minus ad dolores ipsam eum ipsam. Quia voluptatem sed unde mollitia non. Alias ut dicta neque. Alias quis consectetur voluptas possimus fugiat ut.', '2023-01-19 19:48:40', '2023-01-19 19:48:40'),
(136, 24, 9, 'Nihil maiores voluptas esse ut pariatur.', 'nihil-maiores-voluptas-esse-ut-pariatur.', 17, 'https://picsum.photos/640/480', 'Pariatur dolor molestias eveniet voluptates quibusdam maiores et. Vel omnis minus maiores. Delectus voluptatem eaque enim quaerat. Corrupti mollitia aliquid impedit magnam. Iusto unde nihil architecto ut illo iste omnis. Quasi eos minus sint eos expedita voluptatibus. Est porro qui ea sunt voluptates vel.', '2023-01-19 19:48:40', '2023-01-19 19:48:40'),
(137, 59, 5, 'Dolore dolore ducimus vitae.', 'dolore-dolore-ducimus-vitae.', 5, 'https://picsum.photos/640/480', 'Quia perferendis vel nulla id. Dolore sequi similique et dolorum ratione. Est dolore impedit minus accusantium aut odio. Consequatur nihil corporis aut molestias in excepturi consequatur. Et non ipsa quae aut doloremque delectus. Rerum soluta quam sint quod voluptas. Et et magni numquam itaque beatae.', '2023-01-19 19:48:40', '2023-01-19 19:48:40'),
(138, 32, 9, 'Sequi voluptates doloremque maiores qui eligendi explicabo.', 'sequi-voluptates-doloremque-maiores-qui-eligendi-explicabo.', 13, 'https://picsum.photos/640/480', 'Beatae ut iure in ut. Ipsum voluptatem enim qui nihil dicta. Dignissimos aut voluptas nihil est est et. Illo expedita in aut necessitatibus itaque et et. Quos itaque sed animi. Nobis voluptas soluta cumque perferendis dolor. Hic molestiae ducimus recusandae adipisci perspiciatis ipsum suscipit.', '2023-01-19 19:48:40', '2023-01-19 19:48:40'),
(139, 31, 5, 'Ab et sed sit ipsam officia omnis.', 'ab-et-sed-sit-ipsam-officia-omnis.', 56, 'https://picsum.photos/640/480', 'Quia rerum explicabo veniam repellat. Quos aut error voluptas accusamus quasi qui. Dolorum sunt assumenda quisquam optio voluptate est. Et autem exercitationem tempore voluptas accusamus molestiae quis. Est eligendi deleniti libero dolorem.', '2023-01-19 19:48:40', '2023-01-19 19:48:40'),
(140, 37, 5, 'Saepe sunt expedita ut ullam non numquam magni.', 'saepe-sunt-expedita-ut-ullam-non-numquam-magni.', 76, 'https://picsum.photos/640/480', 'Ut voluptatibus et excepturi. Et repellendus maxime iure vel et. Officia iure et et quaerat assumenda facilis. Placeat error velit ullam est mollitia consequatur. Eos perferendis voluptatem quo sint non. Enim corrupti eum ut repellat ipsa exercitationem cupiditate. Qui ipsum iure distinctio nulla excepturi consequatur.', '2023-01-19 19:48:40', '2023-01-19 19:48:40'),
(141, 37, 7, 'Et quia in consequatur eum corrupti ipsa sit.', 'et-quia-in-consequatur-eum-corrupti-ipsa-sit.', 2, 'https://picsum.photos/640/480', 'Voluptatem voluptate totam doloribus adipisci tenetur in rerum ut. Minus cumque recusandae eum. In culpa consequatur praesentium aut quo illo. Praesentium molestias necessitatibus rerum qui. Et accusamus qui sit ratione aliquid eius. Debitis est et dolorum reiciendis maiores.', '2023-01-19 19:48:40', '2023-01-19 19:48:40'),
(142, 71, 6, 'Qui est earum rem unde voluptatem debitis quod.', 'qui-est-earum-rem-unde-voluptatem-debitis-quod.', 42, 'https://picsum.photos/640/480', 'Aut magnam voluptatem sint. Architecto doloremque blanditiis sunt nostrum. Saepe in similique tenetur consequatur. Sequi molestiae quae voluptatem saepe aliquid veniam. Deleniti temporibus aut voluptates tempora incidunt et corrupti. Expedita tempora qui soluta animi minus nihil. A cum sunt molestiae quos at voluptas explicabo non.', '2023-01-19 19:48:40', '2023-01-19 19:48:40'),
(143, 86, 8, 'Qui non totam aliquid saepe placeat.', 'qui-non-totam-aliquid-saepe-placeat.', 15, 'https://picsum.photos/640/480', 'Praesentium sed doloribus reiciendis dolorem maiores. Dolor rerum quis alias est doloremque. Aut vel fugiat suscipit corrupti temporibus. Ut illum magni omnis nesciunt ullam. Qui sit vero sunt voluptatibus qui. Unde laborum aut id itaque molestiae. Occaecati eius voluptas fuga sed sint rerum vitae.', '2023-01-19 19:48:40', '2023-01-19 19:48:40'),
(144, 23, 7, 'Qui tempore tempore cupiditate dolore totam repellat excepturi.', 'qui-tempore-tempore-cupiditate-dolore-totam-repellat-excepturi.', 52, 'https://picsum.photos/640/480', 'Magnam quibusdam cupiditate porro quasi voluptatem. Consectetur sequi doloribus id ut et architecto vero. Qui voluptas sed sunt iure. Doloremque totam iure odit exercitationem doloremque. Consectetur est est id excepturi sit illo et assumenda.', '2023-01-19 19:48:40', '2023-01-19 19:48:40'),
(145, 8, 3, 'Quia sit saepe eum deserunt est.', 'quia-sit-saepe-eum-deserunt-est.', 18, 'https://picsum.photos/640/480', 'Ea sapiente vero est. Cumque vel omnis maxime ut nobis. Ut delectus ut est eum. Quia rerum voluptatem consequatur at non a natus temporibus.', '2023-01-19 19:48:40', '2023-01-19 19:48:40'),
(146, 92, 1, 'Voluptatem et vel blanditiis incidunt dignissimos quia consectetur.', 'voluptatem-et-vel-blanditiis-incidunt-dignissimos-quia-consectetur.', 84, 'https://picsum.photos/640/480', 'Beatae quaerat consequatur quis rem temporibus explicabo earum. Quia et dolorem non facere aspernatur cupiditate. Asperiores ut suscipit quas dolores quisquam quaerat nulla. Voluptas enim modi sit qui temporibus quis adipisci.', '2023-01-19 19:48:40', '2023-01-19 19:48:40'),
(147, 16, 7, 'Ut quos ipsum veniam eos.', 'ut-quos-ipsum-veniam-eos.', 5, 'https://picsum.photos/640/480', 'Mollitia ad saepe veritatis deserunt. Inventore laborum earum dolores nam qui consequatur odio. Est necessitatibus minima quo. Tenetur et veritatis quis delectus doloribus voluptatum ut. Natus dolorum voluptas quam minima cum. Adipisci rem et voluptatem deleniti laboriosam et odio quaerat.', '2023-01-19 19:48:40', '2023-01-19 19:48:40'),
(148, 92, 9, 'Accusamus nulla nobis vel laborum.', 'accusamus-nulla-nobis-vel-laborum.', 44, 'https://picsum.photos/640/480', 'Dignissimos eligendi nihil sit voluptate dolorem aut. Sit ducimus sequi doloribus earum inventore ratione est. Quia et doloremque ab omnis. Quis ab autem tenetur ut sapiente quis. Placeat numquam asperiores ut consequatur aperiam illo omnis. Sequi minus similique recusandae veniam neque atque.', '2023-01-19 19:48:40', '2023-01-19 19:48:40'),
(149, 18, 10, 'Praesentium sunt laboriosam pariatur non et ut odio.', 'praesentium-sunt-laboriosam-pariatur-non-et-ut-odio.', 81, 'https://picsum.photos/640/480', 'Ut eligendi est et magnam corrupti impedit aut qui. Dolores natus non rerum et sunt rerum aliquam. Beatae et debitis ratione dicta. Beatae dolorem omnis eveniet doloremque nihil nesciunt. Repellendus odio perferendis autem quo. Quis fuga doloribus officia sit iusto itaque. Sunt amet sed consequatur accusamus eius mollitia.', '2023-01-19 19:48:40', '2023-01-19 19:48:40'),
(150, 35, 6, 'Repellat repudiandae ipsum minus dolor.', 'repellat-repudiandae-ipsum-minus-dolor.', 37, 'https://picsum.photos/640/480', 'Placeat impedit et aliquid sit dolores est et. Consequatur reiciendis assumenda libero voluptatem et et. Voluptates totam sint facilis et numquam. Velit cum velit quo sed a eos. Aut numquam ab voluptatem. Enim quia itaque unde doloribus voluptatem.', '2023-01-19 19:48:40', '2023-01-19 19:48:40'),
(151, 14, 4, 'Occaecati maxime et dolor vero totam dicta doloremque.', 'occaecati-maxime-et-dolor-vero-totam-dicta-doloremque.', 67, 'https://picsum.photos/640/480', 'Ullam vel delectus ex quam voluptatum quis. Repellendus repellendus molestias inventore voluptatibus asperiores iusto modi. Excepturi quisquam facilis at consequatur molestiae. Est alias dolore neque recusandae ea doloremque nam.', '2023-01-19 19:48:40', '2023-01-19 19:48:40'),
(152, 80, 4, 'Nesciunt consequuntur quas perferendis vero consequatur rem.', 'nesciunt-consequuntur-quas-perferendis-vero-consequatur-rem.', 66, 'https://picsum.photos/640/480', 'Voluptatum doloremque eveniet ipsum reiciendis ut dolor. Repellat neque natus deserunt voluptatem. Dignissimos error vel repudiandae voluptatum perferendis quia cum. Iste corrupti architecto perferendis dolores ut. Ut vel et dolorem voluptates voluptatibus.', '2023-01-19 19:48:40', '2023-01-19 19:48:40');
INSERT INTO `posts` (`id`, `user_id`, `category_id`, `title`, `slug`, `visits`, `image`, `description`, `created_at`, `updated_at`) VALUES
(153, 75, 8, 'Eos nam aut consequatur.', 'eos-nam-aut-consequatur.', 1, 'https://picsum.photos/640/480', 'Aut quos voluptatem sunt cupiditate dolorem. Accusantium mollitia quam reiciendis omnis a. Recusandae impedit cumque occaecati vel. Recusandae soluta maiores qui illo fugit magnam accusantium. Distinctio culpa cum sed iure numquam. Totam culpa optio omnis voluptas excepturi.', '2023-01-19 19:48:40', '2023-01-19 19:48:40'),
(154, 25, 4, 'Blanditiis dolorem deserunt facere omnis.', 'blanditiis-dolorem-deserunt-facere-omnis.', 83, 'https://picsum.photos/640/480', 'Quis ipsum aut qui voluptatibus. Earum consequatur qui quos eos et vel assumenda vel. Omnis itaque sint quisquam quam ea asperiores. Corporis et in commodi nulla. Molestiae ipsa quo dolores voluptatem est veritatis.', '2023-01-19 19:48:40', '2023-01-19 19:48:40'),
(155, 85, 5, 'Ut voluptas quas impedit.', 'ut-voluptas-quas-impedit.', 36, 'https://picsum.photos/640/480', 'Repudiandae quia tempore excepturi illo adipisci non. Dolores alias sint maxime. Et facilis sit facere. Natus pariatur reiciendis odio omnis suscipit reprehenderit culpa. Asperiores voluptatum velit qui cumque voluptatem facilis. Necessitatibus corporis molestias molestiae eos ut consequatur. Possimus ipsam pariatur est consequatur.', '2023-01-19 19:48:40', '2023-01-19 19:48:40'),
(156, 75, 3, 'Porro nisi animi enim ea pariatur soluta rerum.', 'porro-nisi-animi-enim-ea-pariatur-soluta-rerum.', 38, 'https://picsum.photos/640/480', 'Culpa nisi culpa quam labore voluptas eveniet. Qui quidem ab laboriosam porro delectus consequatur tempora. Et omnis aut accusamus nulla. Est enim molestiae quae incidunt deserunt. Velit atque voluptatem iste adipisci ducimus. At quaerat laudantium voluptate tempore ut. Molestiae animi tempore et architecto quae itaque.', '2023-01-19 19:48:40', '2023-01-19 19:48:40'),
(157, 69, 6, 'Inventore amet dignissimos aut dolores sint in inventore sit.', 'inventore-amet-dignissimos-aut-dolores-sint-in-inventore-sit.', 94, 'https://picsum.photos/640/480', 'Harum nihil quidem expedita delectus nulla consequatur. Earum officia consequuntur ut. Nisi pariatur doloremque quam aperiam esse error. Illo minus animi repudiandae corporis aut ad maiores.', '2023-01-19 19:48:40', '2023-01-19 19:48:40'),
(158, 85, 2, 'Quia exercitationem sunt dolorem amet natus.', 'quia-exercitationem-sunt-dolorem-amet-natus.', 26, 'https://picsum.photos/640/480', 'Alias omnis mollitia soluta architecto totam delectus ut. Autem tempore sed necessitatibus. Ab quia sint aut consequatur. Excepturi in blanditiis sint delectus ipsam assumenda ut. Ullam non sint quam aut pariatur fugit. Maxime distinctio recusandae voluptas id provident.', '2023-01-19 19:48:40', '2023-01-19 19:48:40'),
(159, 31, 7, 'Omnis aut iure totam aliquam.', 'omnis-aut-iure-totam-aliquam.', 69, 'https://picsum.photos/640/480', 'Consequatur quod fugit ex ut sequi possimus nemo sed. Necessitatibus architecto aliquam vel impedit sit natus. Est sunt rem quia neque asperiores dolore ex dolores. Nihil culpa iure reprehenderit voluptatem occaecati autem reprehenderit.', '2023-01-19 19:48:40', '2023-01-19 19:48:40'),
(160, 60, 3, 'Magnam sit quisquam nemo et nisi et.', 'magnam-sit-quisquam-nemo-et-nisi-et.', 20, 'https://picsum.photos/640/480', 'Et quia facilis aperiam qui rerum officia. Ipsum a aut nobis ut itaque aperiam illum. Et ipsa quis unde dignissimos impedit veniam iusto. Perferendis maiores magni repellat ut magnam voluptas. Cupiditate quia in consectetur ullam eaque soluta. Nihil error quasi illum ducimus optio omnis sed. Delectus neque quia aliquid sequi velit quam fugiat.', '2023-01-19 19:48:40', '2023-01-19 19:48:40'),
(161, 24, 6, 'Deleniti aut vitae distinctio voluptatem nobis.', 'deleniti-aut-vitae-distinctio-voluptatem-nobis.', 93, 'https://picsum.photos/640/480', 'Amet consectetur neque consectetur quis. Id consequuntur dicta ratione explicabo et fuga ut. Porro autem eveniet beatae rerum. Fugiat temporibus rerum et id.', '2023-01-19 19:48:40', '2023-01-19 19:48:40'),
(162, 93, 2, 'Eligendi repudiandae quis modi eius accusantium enim autem.', 'eligendi-repudiandae-quis-modi-eius-accusantium-enim-autem.', 2, 'https://picsum.photos/640/480', 'Rem aspernatur a corporis est ipsam enim. Reprehenderit repellat eum deserunt ut excepturi optio. Voluptates fuga officiis rerum quo autem delectus. Dolores qui placeat facilis qui necessitatibus. Quos dolor voluptatem eaque esse ex incidunt. Omnis tenetur nisi placeat. Repellat sed dignissimos totam officiis repellat eveniet repudiandae dicta.', '2023-01-19 19:48:40', '2023-01-19 19:48:40'),
(163, 31, 3, 'Explicabo corrupti omnis provident eum.', 'explicabo-corrupti-omnis-provident-eum.', 12, 'https://picsum.photos/640/480', 'Voluptatibus possimus nobis sit ab qui architecto dolores. Sit a aspernatur cupiditate suscipit qui laboriosam. Reprehenderit dolore deleniti aliquid porro voluptates. Dolores necessitatibus vel a quas nulla quaerat.', '2023-01-19 19:48:40', '2023-01-19 19:48:40'),
(164, 76, 2, 'Dolorem perspiciatis dolor tenetur cum.', 'dolorem-perspiciatis-dolor-tenetur-cum.', 34, 'https://picsum.photos/640/480', 'Delectus quos et voluptas eos est in. Iusto est aspernatur omnis dolorem minus repellat ducimus. Placeat rem incidunt enim perferendis officiis quis id. Est harum dolorem recusandae enim neque.', '2023-01-19 19:48:40', '2023-01-19 19:48:40'),
(165, 47, 5, 'Adipisci temporibus nemo quo dolor.', 'adipisci-temporibus-nemo-quo-dolor.', 60, 'https://picsum.photos/640/480', 'Ut incidunt et modi iste. Non quisquam autem odit non laudantium magnam perspiciatis. Eos explicabo occaecati odio quos et sapiente et. Sapiente aut est molestiae voluptas in eveniet ab. Non cumque illum voluptas rerum voluptatem. Error architecto perferendis eos vero nam illo dolor.', '2023-01-19 19:48:40', '2023-01-19 19:48:40'),
(166, 52, 3, 'Porro ipsa consequatur similique non.', 'porro-ipsa-consequatur-similique-non.', 72, 'https://picsum.photos/640/480', 'Omnis facere repudiandae facilis aperiam aliquid odio. Repellat hic doloremque commodi aut accusantium. Ipsa quia dolores quaerat fugiat debitis iure quia. Praesentium eum a rerum quasi id velit quia. Corrupti asperiores accusantium et eaque nobis qui. Est error ea quidem maiores eveniet pariatur.', '2023-01-19 19:48:40', '2023-01-19 19:48:40'),
(167, 7, 10, 'Ut facere quaerat ducimus quas.', 'ut-facere-quaerat-ducimus-quas.', 93, 'https://picsum.photos/640/480', 'Dolores repudiandae magnam quaerat ipsa cupiditate distinctio. Sed sunt possimus eaque consectetur est. Rerum nihil esse exercitationem voluptas consequatur provident. Beatae voluptatem possimus molestiae est optio. Et aut deleniti aut maiores. Dolore vitae est iure nihil illo sint laborum.', '2023-01-19 19:48:40', '2023-01-19 19:48:40'),
(168, 58, 7, 'Repudiandae atque nihil voluptatem.', 'repudiandae-atque-nihil-voluptatem.', 59, 'https://picsum.photos/640/480', 'Qui ut ipsam est sunt porro. Dolorem quia debitis necessitatibus voluptate tempora dolores quia omnis. Ab cupiditate delectus autem veritatis cumque ipsum. Est optio et cupiditate voluptatem qui culpa. Vero assumenda similique quo aliquid. Consequuntur consectetur ut illo modi qui hic voluptatem voluptatum. Vel asperiores ut officia maxime.', '2023-01-19 19:48:40', '2023-01-19 19:48:40'),
(169, 26, 6, 'Omnis maiores dolore id occaecati sint inventore.', 'omnis-maiores-dolore-id-occaecati-sint-inventore.', 57, 'https://picsum.photos/640/480', 'Aliquid est deserunt quia eos natus quod. Quo at iste velit tempore. Enim atque ut quae. Tempora et deserunt autem.', '2023-01-19 19:48:40', '2023-01-19 19:48:40'),
(170, 87, 5, 'Tenetur expedita ipsam deserunt quis.', 'tenetur-expedita-ipsam-deserunt-quis.', 53, 'https://picsum.photos/640/480', 'Enim officiis inventore qui adipisci in libero est. Earum ab doloribus aspernatur rerum reprehenderit rem blanditiis. Quibusdam exercitationem fuga quas vel. Impedit non ut rerum est temporibus quibusdam laboriosam. Sapiente doloremque dolores molestiae ratione amet in dicta. Perspiciatis ab quae est eligendi molestiae. Earum quia et quia placeat enim.', '2023-01-19 19:48:40', '2023-01-19 19:48:40'),
(171, 42, 2, 'Sunt dolores nobis dolor a.', 'sunt-dolores-nobis-dolor-a.', 4, 'https://picsum.photos/640/480', 'Debitis nobis ut enim officia expedita. Et et neque praesentium magnam aut non placeat assumenda. Nostrum non incidunt est nihil. Incidunt recusandae voluptatum perferendis recusandae ipsum vel ut. Facere tenetur et aut. Voluptatum fuga sunt perferendis quidem.', '2023-01-19 19:48:40', '2023-01-19 19:48:40'),
(172, 14, 3, 'Quod omnis esse a.', 'quod-omnis-esse-a.', 82, 'https://picsum.photos/640/480', 'Alias ipsa aut quia sapiente explicabo. Dignissimos odio voluptatem numquam maxime. Molestiae debitis harum eum culpa est quasi. Rerum voluptatem fugiat esse nisi debitis. Voluptate consequatur consequatur velit impedit ipsam expedita repudiandae facilis.', '2023-01-19 19:48:40', '2023-01-19 19:48:40'),
(173, 81, 3, 'Accusantium debitis voluptatum at error totam maiores est.', 'accusantium-debitis-voluptatum-at-error-totam-maiores-est.', 48, 'https://picsum.photos/640/480', 'Facere pariatur ut ad iure in. Dolore nihil voluptates ut vel dolores in deserunt. Quo ut expedita voluptatum adipisci. Laborum possimus sapiente enim aut laboriosam aut facere. Eum architecto consectetur et placeat omnis nulla.', '2023-01-19 19:48:40', '2023-01-19 19:48:40'),
(174, 88, 6, 'Reiciendis illo voluptatem voluptas.', 'reiciendis-illo-voluptatem-voluptas.', 44, 'https://picsum.photos/640/480', 'Sint quidem aut voluptas praesentium recusandae non repellendus. Illum sed ducimus sit officia omnis animi. Id magnam dicta facere et magnam saepe. Alias dicta necessitatibus consequatur.', '2023-01-19 19:48:40', '2023-01-19 19:48:40'),
(175, 36, 7, 'Ipsam maxime quidem voluptatem et assumenda rerum.', 'ipsam-maxime-quidem-voluptatem-et-assumenda-rerum.', 80, 'https://picsum.photos/640/480', 'Quam mollitia excepturi excepturi quia voluptatem illum. Exercitationem suscipit et a tempore error repellendus. Quas iusto quas ad beatae aut saepe. Sapiente dolores officiis repudiandae. In laborum odio quia sed et dolor eum. Illum consequuntur magnam aut nostrum.', '2023-01-19 19:48:40', '2023-01-19 19:48:40'),
(176, 59, 3, 'Eius autem odio porro.', 'eius-autem-odio-porro.', 54, 'https://picsum.photos/640/480', 'Id quia voluptates officia aperiam vitae nobis id. Fuga sint sed aperiam ex. Sed voluptatibus sequi omnis iusto reprehenderit non. Rerum a asperiores culpa quo explicabo placeat omnis.', '2023-01-19 19:48:40', '2023-01-19 19:48:40'),
(177, 10, 6, 'Sed dolore dolores atque id quis commodi.', 'sed-dolore-dolores-atque-id-quis-commodi.', 30, 'https://picsum.photos/640/480', 'Aut quas qui ut architecto nam. Eaque quo quam quasi temporibus ratione totam. Perferendis tempore ea laboriosam itaque possimus aut officia quis. Eos magnam dolorum perferendis molestiae iusto est aliquam quos.', '2023-01-19 19:48:40', '2023-01-19 19:48:40'),
(178, 70, 8, 'Id velit sit commodi.', 'id-velit-sit-commodi.', 52, 'https://picsum.photos/640/480', 'Rerum ducimus occaecati totam aut et quia. Assumenda atque sed inventore repudiandae consequatur enim. Eum tempore quibusdam est cum est beatae. Voluptate pariatur esse ipsum voluptatem ut corporis. Ut cum iure facilis voluptatem.', '2023-01-19 19:48:40', '2023-01-19 19:48:40'),
(179, 59, 7, 'Aliquid sunt vero velit expedita eum.', 'aliquid-sunt-vero-velit-expedita-eum.', 36, 'https://picsum.photos/640/480', 'Nihil velit et qui exercitationem debitis molestiae corporis. A explicabo at amet recusandae. Hic sit eum quasi provident veritatis quidem. Facilis amet totam aut reprehenderit tempora. Repellendus expedita nisi et corrupti architecto pariatur aut.', '2023-01-19 19:48:40', '2023-01-19 19:48:40'),
(180, 87, 7, 'Natus odit sequi atque facilis.', 'natus-odit-sequi-atque-facilis.', 18, 'https://picsum.photos/640/480', 'Et voluptas nostrum dolor quidem recusandae. Fugiat itaque aspernatur unde inventore quia rerum alias voluptas. Facilis ducimus laudantium eveniet voluptatibus. Asperiores autem necessitatibus perspiciatis fugiat enim beatae. Id ut laborum nihil non quaerat.', '2023-01-19 19:48:40', '2023-01-19 19:48:40'),
(181, 9, 4, 'Molestiae neque eveniet fugiat quam rerum officiis dignissimos.', 'molestiae-neque-eveniet-fugiat-quam-rerum-officiis-dignissimos.', 64, 'https://picsum.photos/640/480', 'Architecto itaque sit impedit reprehenderit totam necessitatibus consequatur. Nesciunt quis occaecati unde error. Qui ut tempore et tempora reiciendis et. A esse aut nobis facere ratione maiores id.', '2023-01-19 19:48:40', '2023-01-19 19:48:40'),
(182, 46, 2, 'Illo nisi accusamus eos recusandae nemo fuga non.', 'illo-nisi-accusamus-eos-recusandae-nemo-fuga-non.', 32, 'https://picsum.photos/640/480', 'Quia voluptatibus id nostrum deleniti ea suscipit veritatis. Architecto et voluptates qui explicabo doloremque vel. Modi saepe corrupti quis. Fugit voluptatem adipisci sit velit quia et dolore perspiciatis.', '2023-01-19 19:48:40', '2023-01-19 19:48:40'),
(183, 85, 10, 'Rem quas libero fuga occaecati.', 'rem-quas-libero-fuga-occaecati.', 62, 'https://picsum.photos/640/480', 'Cum occaecati non vero non et quaerat incidunt. Facilis aspernatur omnis minus. Unde odit quaerat ea et qui. Quia ipsam et sit est laboriosam dolorem. Provident asperiores praesentium nam sed. Id quo eum placeat dolorum voluptatibus corrupti doloremque.', '2023-01-19 19:48:40', '2023-01-19 19:48:40'),
(184, 35, 4, 'Maxime mollitia perferendis unde id laborum ex qui.', 'maxime-mollitia-perferendis-unde-id-laborum-ex-qui.', 65, 'https://picsum.photos/640/480', 'Sit voluptatem dignissimos voluptatem autem ab quam. Sunt dolor ea eligendi. Consectetur aspernatur eligendi consequatur. Consectetur aut soluta perferendis hic et. Beatae ex laborum culpa numquam est.', '2023-01-19 19:48:40', '2023-01-19 19:48:40'),
(185, 84, 9, 'Nobis enim odit autem.', 'nobis-enim-odit-autem.', 28, 'https://picsum.photos/640/480', 'Tempore omnis id qui aut. Est qui vitae dolorem quisquam id dolor id. Dolore illum sed aperiam dolore id quia ab. Autem doloribus amet vero animi in.', '2023-01-19 19:48:40', '2023-01-19 19:48:40'),
(186, 11, 1, 'Nulla similique dolore eaque consequatur natus.', 'nulla-similique-dolore-eaque-consequatur-natus.', 53, 'https://picsum.photos/640/480', 'Deserunt recusandae delectus expedita commodi. Sed harum corrupti amet quis eius perferendis id est. Vel quia est quas id officiis. Minima et nemo quidem. Est distinctio dicta quae culpa eos. Provident quidem consequatur quasi voluptate quae suscipit.', '2023-01-19 19:48:40', '2023-01-19 19:48:40'),
(187, 17, 6, 'Omnis illum iure nisi aut quibusdam dicta est.', 'omnis-illum-iure-nisi-aut-quibusdam-dicta-est.', 100, 'https://picsum.photos/640/480', 'Dolorum aliquid dolor est qui quia id odit. Ut accusantium quibusdam ratione qui necessitatibus dolorem. Totam ex perferendis libero quidem repellendus. Et animi earum quas et inventore voluptatum. Eum voluptas possimus aliquid voluptatibus. Qui et sit qui. Velit deserunt dolorem qui ab et.', '2023-01-19 19:48:40', '2023-01-19 19:48:40'),
(188, 86, 7, 'Nisi incidunt tempore voluptas quis eos reiciendis.', 'nisi-incidunt-tempore-voluptas-quis-eos-reiciendis.', 99, 'https://picsum.photos/640/480', 'Voluptatum consequatur quia quia quod ipsum. Quia cumque accusantium magnam veniam dolorem explicabo quia. Neque debitis est tempora libero nam. Minima ipsum optio recusandae. Qui est non ut quasi.', '2023-01-19 19:48:40', '2023-01-19 19:48:40'),
(189, 94, 7, 'Dolor porro qui quo praesentium et iure possimus.', 'dolor-porro-qui-quo-praesentium-et-iure-possimus.', 34, 'https://picsum.photos/640/480', 'Unde id quis est ut necessitatibus consequuntur. Voluptate dolor ut aut fuga hic corrupti delectus. Doloribus sunt dolorum commodi molestiae deserunt cum. Ut quibusdam corporis quod aut.', '2023-01-19 19:48:40', '2023-01-19 19:48:40'),
(190, 91, 10, 'Ratione et nemo dolorem qui.', 'ratione-et-nemo-dolorem-qui.', 47, 'https://picsum.photos/640/480', 'Non aut ipsam quis distinctio nihil numquam velit. Sunt totam officia consequatur quidem laboriosam. Id labore fugit blanditiis. Dolores quasi aut consequatur saepe earum aut.', '2023-01-19 19:48:40', '2023-01-19 19:48:40'),
(191, 36, 5, 'Culpa necessitatibus cum mollitia id.', 'culpa-necessitatibus-cum-mollitia-id.', 83, 'https://picsum.photos/640/480', 'Modi vero qui temporibus exercitationem velit sapiente quo. Soluta sed fugit provident sint. Omnis eius molestiae qui debitis nihil. Quas eius provident veritatis ut dolore.', '2023-01-19 19:48:40', '2023-01-19 19:48:40'),
(192, 55, 9, 'Qui vel est saepe qui tempore.', 'qui-vel-est-saepe-qui-tempore.', 2, 'https://picsum.photos/640/480', 'Cum non odio qui et. Unde molestiae ut reiciendis tempore eum consequuntur sunt et. Consectetur quas porro nemo eius et. Aut ad consequatur necessitatibus aut voluptatem et culpa vero. Minima molestias non voluptates eos ipsum.', '2023-01-19 19:48:40', '2023-01-19 19:48:40'),
(193, 24, 6, 'Ducimus voluptatem incidunt dolore sunt.', 'ducimus-voluptatem-incidunt-dolore-sunt.', 19, 'https://picsum.photos/640/480', 'Rerum sed similique voluptate quidem numquam iure cum. Nemo asperiores est odio cum maiores minima. Alias voluptas quos rerum nisi iusto vitae. Ea cumque amet reprehenderit iusto. Magni est necessitatibus illum aut laborum.', '2023-01-19 19:48:40', '2023-01-19 19:48:40'),
(194, 4, 10, 'Suscipit rerum dolor nisi quas.', 'suscipit-rerum-dolor-nisi-quas.', 28, 'https://picsum.photos/640/480', 'Voluptatibus rerum natus et et possimus cupiditate. Dolorum sed qui expedita nihil. Omnis sapiente sed vitae cumque sint officia optio officia. Aperiam ipsam veritatis praesentium nulla corporis et. Dignissimos voluptates id natus maxime ut. Ipsum impedit quia quo cum repellendus nihil. Hic dolorum voluptatum delectus quia expedita.', '2023-01-19 19:48:40', '2023-01-19 19:48:40'),
(195, 72, 4, 'Veniam officia voluptatem enim aut dolorum sint voluptatem expedita.', 'veniam-officia-voluptatem-enim-aut-dolorum-sint-voluptatem-expedita.', 40, 'https://picsum.photos/640/480', 'Error ducimus non fugit ipsa odio animi. Et saepe reiciendis blanditiis minima autem ut. Ea aperiam ut in non sequi. Minus magni reiciendis rem molestias qui molestiae rerum.', '2023-01-19 19:48:40', '2023-01-19 19:48:40'),
(196, 8, 7, 'Maxime provident natus dolorem tempore.', 'maxime-provident-natus-dolorem-tempore.', 65, 'https://picsum.photos/640/480', 'Velit sed atque quo. Autem aspernatur delectus iusto reiciendis adipisci. Magnam laborum repellat ut omnis omnis. Amet cupiditate molestiae aut sed amet at minus.', '2023-01-19 19:48:40', '2023-01-19 19:48:40'),
(197, 42, 2, 'Atque eos earum architecto dolorem occaecati minima voluptatibus.', 'atque-eos-earum-architecto-dolorem-occaecati-minima-voluptatibus.', 39, 'https://picsum.photos/640/480', 'Voluptas provident inventore ut sed nesciunt assumenda dolores. Explicabo aut placeat officia adipisci molestias itaque. Qui tempora aut esse nobis architecto. Beatae exercitationem animi adipisci earum. Et adipisci culpa eligendi autem. Quia iure ut et adipisci corrupti aut. Non dolorem et itaque et itaque omnis provident porro.', '2023-01-19 19:48:40', '2023-01-19 19:48:40'),
(198, 71, 1, 'Neque velit esse molestias ut et corrupti facere ea.', 'neque-velit-esse-molestias-ut-et-corrupti-facere-ea.', 74, 'https://picsum.photos/640/480', 'Fugiat iure qui enim et qui. Enim nesciunt quisquam totam et rerum animi. Sapiente vel error et. Vel est officiis maxime ab voluptatem provident autem. Sed qui id et accusamus quibusdam alias. Ex nemo accusamus optio quia adipisci voluptatibus odit.', '2023-01-19 19:48:40', '2023-01-19 19:48:40'),
(199, 24, 10, 'Voluptas vitae quidem assumenda.', 'voluptas-vitae-quidem-assumenda.', 60, 'https://picsum.photos/640/480', 'Sunt odit voluptas beatae temporibus harum. Perferendis nemo in nisi nemo. Quos pariatur velit sunt nisi recusandae praesentium tempore voluptas. Quisquam quisquam vel explicabo asperiores eos qui eos et. Esse nisi vitae dolor nihil enim ut sed ut. Velit delectus fuga quisquam harum non voluptatem tempore.', '2023-01-19 19:48:40', '2023-01-19 19:48:40'),
(200, 72, 2, 'Unde dignissimos voluptatem nostrum autem.', 'unde-dignissimos-voluptatem-nostrum-autem.', 12, 'https://picsum.photos/640/480', 'Et ipsa corporis ullam. Molestiae quasi quia porro et dolores mollitia dolorem. Dolore assumenda fugit consequatur incidunt id et. Placeat recusandae molestias quia provident consequatur expedita dolor. Aliquam aut quos sequi corrupti.', '2023-01-19 19:48:40', '2023-01-19 19:48:40');

INSERT INTO `users` (`id`, `firstName`, `lastName`, `email`, `password`, `created_at`, `updated_at`) VALUES
(1, 'Wesley', 'Delgado', 'andressa.duarte@r7.com', '$2y$10$LLkqZWqBo774AHPQrVELU.bIOZRhw9ftX0WxY.mps9KIokFv4kibS', '2023-01-19 19:48:30', '2023-01-19 19:48:30');
INSERT INTO `users` (`id`, `firstName`, `lastName`, `email`, `password`, `created_at`, `updated_at`) VALUES
(2, 'Cléber', 'Ferreira', 'sepulveda.amelia@aragao.br', '$2y$10$mtpyU4FtzFpMtzu.Uvv20eCjHYoHLH5dYsUrfln5d4aVON4vcKetW', '2023-01-19 19:48:30', '2023-01-19 19:48:30');
INSERT INTO `users` (`id`, `firstName`, `lastName`, `email`, `password`, `created_at`, `updated_at`) VALUES
(3, 'Janaina', 'Serna', 'thalita.fonseca@meireles.net', '$2y$10$gXVgZHSpoxsZS2KCwiwVR.e2Lc03ec8TJ4mq1nagN7tJ.ahgb8p7K', '2023-01-19 19:48:30', '2023-01-19 19:48:30');
INSERT INTO `users` (`id`, `firstName`, `lastName`, `email`, `password`, `created_at`, `updated_at`) VALUES
(4, 'Verônica', 'Galvão', 'lorenzo.cruz@velasques.org', '$2y$10$ZvKjZYZjRACsTEwITU.ZBernKdeYUfM7P0ZyYtp51PQXdbIuxtGm2', '2023-01-19 19:48:30', '2023-01-19 19:48:30'),
(5, 'Wagner', 'Alves', 'mia.espinoza@r7.com', '$2y$10$CONSAcnt5s9MrEBYj0utpet3aqDrSQAeqIYyUK1D7x/PPuH7z.aaq', '2023-01-19 19:48:30', '2023-01-19 19:48:30'),
(6, 'Benjamin', 'Guerra', 'eloa49@cervantes.org', '$2y$10$e5gIvxMMTrv0A1husPH5/uxaLcDYGrzT7vCTjBuZxCj8U6MrlO/ai', '2023-01-19 19:48:30', '2023-01-19 19:48:30'),
(7, 'Simon', 'Sales', 'ugusmao@fernandes.org', '$2y$10$qbR9TmZ/QZv71JWN1qoUquGVJMIh1iy0s7fFWIosTZM4vKhV91cZC', '2023-01-19 19:48:30', '2023-01-19 19:48:30'),
(8, 'Nicole', 'Quintana', 'emedina@hotmail.com', '$2y$10$2p4LfXUTAc4VCciJ09Mxhu3oR5wtm/vKNJCar9Qy82KFABtjNerv6', '2023-01-19 19:48:30', '2023-01-19 19:48:30'),
(9, 'Samanta', 'de Souza', 'amaia@r7.com', '$2y$10$RkmyEFMXRQ3ihYk9VaxIU.lW6HE66w5r82mprYjaRxLahZKdMm5iu', '2023-01-19 19:48:30', '2023-01-19 19:48:30'),
(10, 'Bruno', 'Rosa', 'vicente22@serrano.com.br', '$2y$10$51u.AyCmRsBr13gmQ955xOOOyO0KGHCZ7LuOmOS7a64l7PAo3jyQa', '2023-01-19 19:48:30', '2023-01-19 19:48:30'),
(11, 'Sofia', 'Rico', 'uaguiar@alcantara.com.br', '$2y$10$mex49YerA0xLSrrFhFsS4uC7Td72H5zdJn6wnmEzLSYbHw.zJh7.m', '2023-01-19 19:48:30', '2023-01-19 19:48:30'),
(12, 'Sophia', 'Montenegro', 'pfaria@uol.com.br', '$2y$10$t0tvafsWMiS7SCazQng2GOjXwQpNOZECTFXNJ6gnhXUPvbmoD7aW2', '2023-01-19 19:48:30', '2023-01-19 19:48:30'),
(13, 'Katherine', 'de Freitas', 'juliana.ramos@deaguiar.com.br', '$2y$10$a9K4uhJksSDKABY9jgVzWOlJbPXD5JvHL5.RkDV90YB3XMMLPO9z2', '2023-01-19 19:48:30', '2023-01-19 19:48:30'),
(14, 'Paula', 'Vieira', 'rodolfo97@colaco.com.br', '$2y$10$fCz.u/ujtAvVcm9ZubhrYeRB1AAkZ5aUBPSxDREwOouFL3SFT7FN.', '2023-01-19 19:48:30', '2023-01-19 19:48:30'),
(15, 'Luiz', 'Serrano', 'andres.vieira@gmail.com', '$2y$10$p52DJ.7PHpmGnzBSBNgeZeMSC.Egjacy68.a7sJwwwYqIYzo./4eq', '2023-01-19 19:48:30', '2023-01-19 19:48:30'),
(16, 'Danielle', 'Fidalgo', 'eburgos@gmail.com', '$2y$10$k2OLUjNMkeZFGwFJWJFv0ucFFFtyojHSVG1nShGRllUMfYiZz6TeG', '2023-01-19 19:48:30', '2023-01-19 19:48:30'),
(17, 'Patrícia', 'Amaral', 'santacruz.demian@hotmail.com', '$2y$10$DlqxPUHvWIe688TeL3zvU.AMap2yhQ5Vg8YX.DxRhJisGkQI3z5tC', '2023-01-19 19:48:30', '2023-01-19 19:48:30'),
(18, 'Tâmara', 'Franco', 'mia.amaral@esteves.org', '$2y$10$SoYrwtvs.YCd.0LbPGGMDOnp4buFnAgrQ3WXyktX7GqlBzDFxYHle', '2023-01-19 19:48:30', '2023-01-19 19:48:30'),
(19, 'Manoela', 'Benites', 'dayana.queiros@gmail.com', '$2y$10$mHcPw083BghvAdraBPEUvunsTJ5303pjEbT.cVVqjvd/wUrQS6QLu', '2023-01-19 19:48:31', '2023-01-19 19:48:31'),
(20, 'Théo', 'Valentin', 'naiara85@burgos.net.br', '$2y$10$suJDZpt1HyIQJyN/tf1E/uIQW/44t5IW15mNs6VbFevsd7dK.zs3i', '2023-01-19 19:48:31', '2023-01-19 19:48:31'),
(21, 'Michele', 'Gusmão', 'allison99@meireles.net.br', '$2y$10$IjiHn8ut6hAg3Lbb4aBPGOycyxAgucTOjEdlGtDXAi.06LguvYexe', '2023-01-19 19:48:31', '2023-01-19 19:48:31'),
(22, 'Valéria', 'Lovato', 'paula96@hotmail.com', '$2y$10$jYAbEng6F.n4LaXvW8ShpuPeEPjOyKhAFv2zIMS5hA2pw/HWAD8uq', '2023-01-19 19:48:31', '2023-01-19 19:48:31'),
(23, 'Mário', 'Batista', 'valentina38@vega.br', '$2y$10$xwAfln/I4y9p8/n.l04z1Omr01XRP.vgaXqLPM4IlaDfY4KL5k2uS', '2023-01-19 19:48:31', '2023-01-19 19:48:31'),
(24, 'Agostinho', 'Quintana', 'pamela50@uol.com.br', '$2y$10$9dBX1rAAUi6oxMprUOwQ9.GUVSj6cCP0qLhXN4aSQaDOt/A0vgPqO', '2023-01-19 19:48:31', '2023-01-19 19:48:31'),
(25, 'Helena', 'Quintana', 'soto.franciele@yahoo.com', '$2y$10$BiZsWSeuZ3k9scCWNhVkw.4E8UQIeeY9q3Df0XzFdmSrpojSrWdS6', '2023-01-19 19:48:31', '2023-01-19 19:48:31'),
(26, 'Gilberto', 'Meireles', 'abreu.lorenzo@uol.com.br', '$2y$10$NANhDm5bhod7xIJA2CCkYupJKnAgcUAZNOdgkcz1IWmq51r2RKQ7W', '2023-01-19 19:48:31', '2023-01-19 19:48:31'),
(27, 'Raysa', 'Oliveira', 'torres.mauro@yahoo.com', '$2y$10$OjT/6jkTAcdh2vMvzQP5V.6ra4H1SbyLE4pGUXzWEtPhflbjex5vS', '2023-01-19 19:48:31', '2023-01-19 19:48:31'),
(28, 'Francisco', 'Galhardo', 'solano.daiane@gmail.com', '$2y$10$AVlw8ZOszjrKaxRPXofZquJRlq5SD5swRR7yFtZYL1maCkTdLUe0G', '2023-01-19 19:48:31', '2023-01-19 19:48:31'),
(29, 'Teobaldo', 'Barreto', 'andre83@barreto.net', '$2y$10$0.l3nfAkn0JGRwQcoBhWvurrd194SgsRKu0oSLIk5yy8eHDtvdjny', '2023-01-19 19:48:31', '2023-01-19 19:48:31'),
(30, 'Ícaro', 'Aranda', 'wsantos@godoi.com.br', '$2y$10$R0tEt3CnfOGgbjuzyLRwZOL29Rc8mvgrOTrsKtpUnC3sojKSEUYFC', '2023-01-19 19:48:31', '2023-01-19 19:48:31'),
(31, 'Daiane', 'Burgos', 'nathalia05@velasques.net.br', '$2y$10$nIo9Ii3Z6EU7Fl8vg78IDeDyAR/gHNUG9vbtFw8QClsejqn17VnIq', '2023-01-19 19:48:31', '2023-01-19 19:48:31'),
(32, 'Davi', 'Toledo', 'sanches.mirella@carrara.com', '$2y$10$rITuf34/cnt7HLEW1f9Fk.lwCs4o0tUwmYd8lwogeM8eahX4lFpva', '2023-01-19 19:48:31', '2023-01-19 19:48:31'),
(33, 'Fátima', 'Tamoio', 'aline.pacheco@teles.net', '$2y$10$ZBE24cA49wp2jRhViH/NYOMmiM47phA3tu0VotbDRZmrpAjG4JvjK', '2023-01-19 19:48:31', '2023-01-19 19:48:31'),
(34, 'Isadora', 'Maldonado', 'angelica27@yahoo.com', '$2y$10$XiWiwJ6G4oU.y9qlb72vuuay4yvCePSiTu047E26831YymtgabVve', '2023-01-19 19:48:31', '2023-01-19 19:48:31'),
(35, 'Luiza', 'de Aguiar', 'manuel.fernandes@hotmail.com', '$2y$10$3zqVvIRYGAMhNyh0lK6oTe8f7LeLe6HByA/ePJDhO/a7O.T1j4UPS', '2023-01-19 19:48:31', '2023-01-19 19:48:31'),
(36, 'Kléber', 'Tamoio', 'rezende.monica@zamana.br', '$2y$10$krOkIIsFid0bR5BivYchZePsDGAultIhLg/OE9ER4t51xJr/4hWbW', '2023-01-19 19:48:31', '2023-01-19 19:48:31'),
(37, 'Michael', 'Montenegro', 'xcervantes@duarte.com.br', '$2y$10$OBmyH4Jp88qjzK2gzufavuHYG5vqnzMLswRU5Bt2t4nHg0GVedZBq', '2023-01-19 19:48:31', '2023-01-19 19:48:31'),
(38, 'Josefina', 'de Freitas', 'maicon71@delgado.com', '$2y$10$hR9mosyTQ/ncIDbw/cEmsedq0Vqlapo2ESKCc.odjGH4963nfVnoe', '2023-01-19 19:48:31', '2023-01-19 19:48:31'),
(39, 'Camilo', 'Pedrosa', 'tamara05@r7.com', '$2y$10$EBLG8FK5vH9g6S/4fDe26eRR5devavTixZ8LidE1aD.WV0ej4b/v2', '2023-01-19 19:48:32', '2023-01-19 19:48:32'),
(40, 'Cléber', 'das Neves', 'qvalentin@franco.com.br', '$2y$10$0.W1KeoC.rPfY7PrFwlqVOsy7Y8mRgl2HZ9WZ.N42W3CyJUTmvPjy', '2023-01-19 19:48:32', '2023-01-19 19:48:32'),
(41, 'Elaine', 'Valentin', 'natal.branco@gmail.com', '$2y$10$H5pr0WUpbwVMZdp44T0wDOBi9SkzPV5RpV.gHSQYzQ6.HJ9tubMXm', '2023-01-19 19:48:32', '2023-01-19 19:48:32'),
(42, 'Gael', 'Uchoa', 'talita.benez@yahoo.com', '$2y$10$KUPAUVjF1RpNp1V5cOi88.4Nn7UVlDTuX6lREgs1ZCGHEVi2tRm9G', '2023-01-19 19:48:32', '2023-01-19 19:48:32'),
(43, 'Ivan', 'Pacheco', 'feliciano.james@ig.com.br', '$2y$10$paXWMrJ6Eq7doVY21HH8AeWPAggw9.JlaGawSqi9AXT2weD7Dzvk.', '2023-01-19 19:48:32', '2023-01-19 19:48:32'),
(44, 'Alessandra', 'Guerra', 'saito.carlos@gmail.com', '$2y$10$Hjv9J5.hxyfxVLyFwyjUf.3xnI5oqoAWoIK1zE6X659uJvq.eNdp.', '2023-01-19 19:48:32', '2023-01-19 19:48:32'),
(45, 'Thalita', 'Aranda', 'bonilha.maisa@pacheco.com', '$2y$10$3m2eGgTd9tUyQ2UyHT.zGOZMLMIgtXqaTCGOz6K6GTqiZrvC5y.S6', '2023-01-19 19:48:32', '2023-01-19 19:48:32'),
(46, 'Santiago', 'Benez', 'xmontenegro@urias.com.br', '$2y$10$/mrdxydXXz7b/bbS4FJEYu2wi5neEICOC8Z.F.g3Kjk0zeenqrrjq', '2023-01-19 19:48:32', '2023-01-19 19:48:32'),
(47, 'Simon', 'Urias', 'xfeliciano@ig.com.br', '$2y$10$DJRvyCFJm9hvUc1jVjVZvuWq7wwn063sGg9jPeG.kg/dfMFzQkGH.', '2023-01-19 19:48:32', '2023-01-19 19:48:32'),
(48, 'Rogério', 'de Arruda', 'mgalvao@uol.com.br', '$2y$10$x6JNf3nX8jSJHZ0AxN8y/e32036VgsAtY25ob7mk/ghxCibNy.wRy', '2023-01-19 19:48:32', '2023-01-19 19:48:32'),
(49, 'Juliane', 'das Neves', 'osouza@gmail.com', '$2y$10$/B21cazlJ0kXIvWBtSb/.OVOCNVDGKFkzLdrZqnyxtXDMH1rMXgyy', '2023-01-19 19:48:32', '2023-01-19 19:48:32'),
(50, 'Milena', 'Faro', 'tainara.assuncao@gmail.com', '$2y$10$QhYpShCIyIbXFVnFMp4iv.yw.xa6js7C3MNpgnOmIl8bM.2ywV852', '2023-01-19 19:48:32', '2023-01-19 19:48:32'),
(51, 'Murilo', 'Jimenes', 'davila.emerson@hotmail.com', '$2y$10$CmQ2hkIyqwK/D8VIEe1Kz.LVlroVttWE3QNTvbnngcdHbW9WrUWgK', '2023-01-19 19:48:32', '2023-01-19 19:48:32'),
(52, 'Robson', 'Carrara', 'simon.sanches@gmail.com', '$2y$10$0e0FlqqrsNsyM9cjYKEKgeENq07KBJe8Ng6L9lXC4fbNbXMvK1x5m', '2023-01-19 19:48:32', '2023-01-19 19:48:32'),
(53, 'Cléber', 'Lourenço', 'adriano.delatorre@solano.com.br', '$2y$10$oMwdZoJCh7Pmn6zlEsSc4OvUIEHVRnDKyUZcnv93RGhp36uCTks9G', '2023-01-19 19:48:32', '2023-01-19 19:48:32'),
(54, 'Rogério', 'Escobar', 'janaina.delgado@arruda.net.br', '$2y$10$C3n7j00bcmthC/wAgxVR1OfHQ.z81E0nNijdEUmjlZIz./dP4vKai', '2023-01-19 19:48:32', '2023-01-19 19:48:32'),
(55, 'Thaís', 'Fontes', 'avalentin@avila.com', '$2y$10$3KZePCIwZ5OQawXqRd6T4.0wNVSzajReGbfvNi2YQW0hFn9ty0LZS', '2023-01-19 19:48:32', '2023-01-19 19:48:32'),
(56, 'Raysa', 'Reis', 'teo66@yahoo.com', '$2y$10$zG5mugL0AGl7F.BlZaXn6OnCPnC7ZcUELOQvJTdXIwdvtK8UTloRe', '2023-01-19 19:48:32', '2023-01-19 19:48:32'),
(57, 'Allan', 'Pena', 'lilian77@terra.com.br', '$2y$10$kIpAoxDAJMweod9.L58xVuGf6vs/hWY/Q6f1UUtbkumxsStNvmx0K', '2023-01-19 19:48:32', '2023-01-19 19:48:32'),
(58, 'Otávio', 'Godói', 'diana27@uol.com.br', '$2y$10$Lcpnr/3wSdAnM11.mE62TuT0XFAHLd99XUnDL.uYeeJwBnBKWa9yO', '2023-01-19 19:48:33', '2023-01-19 19:48:33'),
(59, 'Gilberto', 'Uchoa', 'gisela31@yahoo.com', '$2y$10$rzE/4pwzollMrmatwioMnOcmzk5nWNpzUAC84veSCCJXE0aEP2p5O', '2023-01-19 19:48:33', '2023-01-19 19:48:33'),
(60, 'Alessandra', 'Brito', 'robson83@franco.br', '$2y$10$QBZgLxHlUDLsh5AZ1PE.MuFl4JDIeKOWvyLmZaukD7SGeo1U336GK', '2023-01-19 19:48:33', '2023-01-19 19:48:33'),
(61, 'Jácomo', 'Toledo', 'monica09@dacruz.com', '$2y$10$FNrl7prgTf5Np75kLrvHu.bxTurg.lKj6TNZcNXHv6Ukttp5uU.NC', '2023-01-19 19:48:33', '2023-01-19 19:48:33'),
(62, 'Andressa', 'Alcantara', 'yquintana@gmail.com', '$2y$10$.OfZem9PS6Ay9Ypsx3uZW.phzGgAzBcOQZYoMl3k5FJgOCo5gD576', '2023-01-19 19:48:33', '2023-01-19 19:48:33'),
(63, 'Flávio', 'Maldonado', 'ndeaguiar@darosa.net.br', '$2y$10$Qrr0DgBOZins4TDPELzbe.C67FTQUkCNlSS8AEsLe9uN4WtZ4wx8m', '2023-01-19 19:48:33', '2023-01-19 19:48:33'),
(64, 'Flávio', 'Azevedo', 'melina31@aragao.br', '$2y$10$xOl9/orh2TqNiYRDoBC7cun0SmwgZVtNcaZujph5uhdDLNoNYUOQq', '2023-01-19 19:48:33', '2023-01-19 19:48:33'),
(65, 'Anita', 'Franco', 'tamoio.livia@terra.com.br', '$2y$10$Kz0W4gZcFmJ3tsPgAoMgIempZjB3PIkUfVdM/lPVXdlw8CtszUinG', '2023-01-19 19:48:33', '2023-01-19 19:48:33'),
(66, 'Daniela', 'Martines', 'roberta18@rivera.br', '$2y$10$xKS8zdMU3zI.6Ir670ghzeaInvqIqt.3DBd3PPCHtOXJCtGcqGLSW', '2023-01-19 19:48:33', '2023-01-19 19:48:33'),
(67, 'Madalena', 'de Aguiar', 'francisco.medina@yahoo.com', '$2y$10$rQRk8BeFULeSDSRMZDNdU.wA2WSCGcmMfpKYPS3NRed01hVfCXooK', '2023-01-19 19:48:33', '2023-01-19 19:48:33'),
(68, 'Juliano', 'Santiago', 'mary.esteves@terra.com.br', '$2y$10$JVFY98K.Wi.A321jIx28XewOtPKRm20qpDvGlIbwVUvT9n6EJvvFe', '2023-01-19 19:48:33', '2023-01-19 19:48:33'),
(69, 'Beatriz', 'Faria', 'eric42@oliveira.com.br', '$2y$10$J6gaLwG6JAZ00Q8DQRQX0ufeI5vLWt0tX3RPMt2.hmf.hHNFnK0e6', '2023-01-19 19:48:33', '2023-01-19 19:48:33'),
(70, 'Kléber', 'Maldonado', 'xsantana@hotmail.com', '$2y$10$MlR8L2l7KdOYeZZdV.Fz7e2shY.z3pOPxrhzvDuVZCHkm28W4CGOq', '2023-01-19 19:48:33', '2023-01-19 19:48:33'),
(71, 'Luiz', 'Salgado', 'anderson.barros@gmail.com', '$2y$10$aEp5tX2jDc/RajpyJcsC/Od44EAMbtaoAF5B5eBOkHxgqE.44zjiO', '2023-01-19 19:48:33', '2023-01-19 19:48:33'),
(72, 'Isabelly', 'Santos', 'pacheco.davi@santos.com.br', '$2y$10$PdQCAlVpQ6ig51rkCZIB4.ptr5OXUEbn0H6YCSsr8Gf1DmGOH62rK', '2023-01-19 19:48:33', '2023-01-19 19:48:33'),
(73, 'Madalena', 'Verdugo', 'natal08@r7.com', '$2y$10$y5XM04IHz/iRSZfk7u9grO1Q9AtWGnT47plAVXWUE30G3GnD.Samq', '2023-01-19 19:48:33', '2023-01-19 19:48:33'),
(74, 'Fabiana', 'Pacheco', 'valentin.mirella@gmail.com', '$2y$10$7f/Die42t2Gpw/6uyWz9Rux5wXEqw9kdfYatmh38V5O7b7Q.AH9la', '2023-01-19 19:48:33', '2023-01-19 19:48:33'),
(75, 'Carlos', 'Romero', 'lorena.maia@ig.com.br', '$2y$10$2QOt73VteqI56gOXX0nUR.jBg0EJyXKhvY5cUyegwRV27MQMBS0sS', '2023-01-19 19:48:33', '2023-01-19 19:48:33'),
(76, 'Emília', 'Marinho', 'cleber.benites@yahoo.com', '$2y$10$bxtnQwNgmFZ3XE/72QjCx.Ma8k4FFVU/dKcNTb9UHkZt34TVJ.AQS', '2023-01-19 19:48:33', '2023-01-19 19:48:33'),
(77, 'Micaela', 'Brito', 'kevin65@garcia.com.br', '$2y$10$grHppIprqzsdLrc/B3EkEOWWnSC.6U2o.wDteJAly4/rhBQwyILqe', '2023-01-19 19:48:33', '2023-01-19 19:48:33'),
(78, 'Agustina', 'Aranda', 'barros.sophia@ig.com.br', '$2y$10$9nfuB4mvxTL6AOmambhXC.8VpBYdSTlkt7OMD.T5Iyt948Xzw4dC.', '2023-01-19 19:48:34', '2023-01-19 19:48:34'),
(79, 'Alan', 'Bezerra', 'michael.burgos@dominato.net', '$2y$10$f6rSzi6.8OQp86GoIZgbvO1QCUD9McojH3DiZJaOi.t1.TuDGXkyK', '2023-01-19 19:48:34', '2023-01-19 19:48:34'),
(80, 'Artur', 'Leon', 'ziraldo83@r7.com', '$2y$10$hCOw5lR.QOrieejsErNZguy8VZpDCvFySsRDDrEWKFp/LuJDjtUc6', '2023-01-19 19:48:34', '2023-01-19 19:48:34'),
(81, 'Maicon', 'Valência', 'danielle70@gmail.com', '$2y$10$U34HVWHzAjgnAvztH8eACOd5y6pJulPDAXP8nfM9Ir7ziOB90MuB2', '2023-01-19 19:48:34', '2023-01-19 19:48:34'),
(82, 'Christopher', 'Serrano', 'lara51@gmail.com', '$2y$10$Y26zePLatxeqCqVQYVKfGOsX5H1Cif/Xfhz5I.OGKSds0hpa7nJ/e', '2023-01-19 19:48:34', '2023-01-19 19:48:34'),
(83, 'Dayana', 'Esteves', 'luisa.goncalves@uol.com.br', '$2y$10$uDeyIREAvwSOd2yjT.XmQe1UjrpkrXola0wNPRv2YRcefRQ4KIq4O', '2023-01-19 19:48:34', '2023-01-19 19:48:34'),
(84, 'Everton', 'Serrano', 'marcos84@quintana.com', '$2y$10$r6vn2pikT3cq28ynx9bx2uI5VahM9ZpSyXxelS.P5MWkQBk1c9P0S', '2023-01-19 19:48:34', '2023-01-19 19:48:34'),
(85, 'Everton', 'Lovato', 'trosa@yahoo.com', '$2y$10$8b.M4tTR6eZVooXWLLdAsOn2o1PxSuyjMiNoJHyu9rX4N16UE7lSi', '2023-01-19 19:48:34', '2023-01-19 19:48:34'),
(86, 'Alessandro', 'Queirós', 'reis.carla@gmail.com', '$2y$10$amYaPH9p7DYyNv5lHYj.Ae3eR3S9hu78uAwOgWAtgjbbRIE7JS5Dm', '2023-01-19 19:48:34', '2023-01-19 19:48:34'),
(87, 'Sheila', 'Aranda', 'lorena44@beltrao.br', '$2y$10$914JjfK71EVIzcAozjV4feqd2wZ./sK2j3WH0nSoXdIrohtf6PVGy', '2023-01-19 19:48:34', '2023-01-19 19:48:34'),
(88, 'Betina', 'Soto', 'paloma.aranda@dasdores.br', '$2y$10$E80PAs3DS6OoY8dV94ECCe6zNFcuf/IrxScoXuty5sr1SsKtVrTWi', '2023-01-19 19:48:34', '2023-01-19 19:48:34'),
(89, 'Francisco', 'Rocha', 'srezende@dearruda.com.br', '$2y$10$4V64F9JcCgYb7DRHtg7gEuhHhPEI3ExNsf3N08HTHe.FGam3YrxXe', '2023-01-19 19:48:34', '2023-01-19 19:48:34'),
(90, 'Agostinho', 'de Oliveira', 'moises72@furtado.com', '$2y$10$5rUaTlhlr3DnIX2kuFcVKuZ.rq2UfF3ppz.uooIpDlnh02IpWKLWa', '2023-01-19 19:48:34', '2023-01-19 19:48:34'),
(91, 'Thales', 'Brito', 'luis07@davila.br', '$2y$10$h24qHt25XlYOkQZbcRwJbONHhtBqAveJXZdymGoMlJxvlaFWDZ5qa', '2023-01-19 19:48:34', '2023-01-19 19:48:34'),
(92, 'Richard', 'Flores', 'cezar28@hotmail.com', '$2y$10$VPqHkNVy72xUFoaRN5OeLurvDmLHrC73lUWm29heJQ3wVLjCOj7UW', '2023-01-19 19:48:34', '2023-01-19 19:48:34'),
(93, 'Samanta', 'Rodrigues', 'mari94@r7.com', '$2y$10$O30lqK2XRa1FPCZKQexYE.AJddsFRDZzWmPWMAKHQ2/Dfbg4V3HEO', '2023-01-19 19:48:34', '2023-01-19 19:48:34'),
(94, 'Samara', 'Galvão', 'daniel23@gmail.com', '$2y$10$3t0WEeEE8wcpCU/98XHMfO8EZHUahQSO.zEAzX2pDbZLGzk5MALiO', '2023-01-19 19:48:34', '2023-01-19 19:48:34'),
(95, 'Rafael', 'Reis', 'nelson21@ig.com.br', '$2y$10$lSD3jWg2gjWfO9lC0UbB/O9rO8tao./YT6/pMl9kgvQGhJpoFB1Ma', '2023-01-19 19:48:34', '2023-01-19 19:48:34'),
(96, 'Camila', 'Cordeiro', 'rperez@terra.com.br', '$2y$10$LPiDnTJo2r66wKNh1ZERiuYktgar1R2r3DVS7mXZuqHkklfuNc1sG', '2023-01-19 19:48:34', '2023-01-19 19:48:34'),
(97, 'Hortência', 'Molina', 'klourenco@hotmail.com', '$2y$10$a.QA1neFXKyv1tIancskZupv.yg90KcYKX685RobWndztJ/javmf2', '2023-01-19 19:48:34', '2023-01-19 19:48:34'),
(98, 'Luis', 'Colaço', 'maiara.carrara@jimenes.br', '$2y$10$BbvGszlDXQ3019u6emnXQOxWETd1GO84r.iZz6rO3S2TocJvQh..O', '2023-01-19 19:48:35', '2023-01-19 19:48:35'),
(99, 'Reinaldo', 'Guerra', 'zsantacruz@queiros.com.br', '$2y$10$yPAPvcmfCT7eS7yqdrOovOvb5AvbTCCUaKI4ecbm5pxr.ifQPWou2', '2023-01-19 19:48:35', '2023-01-19 19:48:35'),
(100, 'Jaqueline', 'Barros', 'valente.natal@r7.com', '$2y$10$EHbxDdPdp2AJqjlGhjIaEODlimMkkPsMYj1MScE7gKlxMFp84sn2W', '2023-01-19 19:48:35', '2023-01-19 19:48:35'),
(101, 'Isadora', 'Pena', 'emanuel67@mascarenhas.br', '$2y$10$ATyJ0heizaKOxCJv59s6luLL.KEheTchajb4H0VHcnhDxchxIUdXy', '2023-01-19 19:48:35', '2023-01-19 19:48:35'),
(102, 'Edilson', 'Ortiz', 'yohanna.rico@dasneves.org', '$2y$10$Oxmy5FMLl5WtJ7BcbOH97uV1/lVkO0uQANiWRF67WVeealV70K8Vy', '2023-01-19 19:48:35', '2023-01-19 19:48:35'),
(103, 'Talita', 'Salazar', 'psolano@hotmail.com', '$2y$10$HLxhi5LmwE4mvrMSXPJox.aA1pjlGZ2bxD2WvVdDnNy.uOyONA/HS', '2023-01-19 19:48:35', '2023-01-19 19:48:35'),
(104, 'Breno', 'Quintana', 'hvega@ig.com.br', '$2y$10$ME49EqG9bh3NHOLWjW7oW.B0YeMj2p/xhRrzvfD9JwFnN8kYM/8Bm', '2023-01-19 19:48:35', '2023-01-19 19:48:35'),
(105, 'Alma', 'Fontes', 'fmatos@bonilha.net.br', '$2y$10$cGJi85tv/s3hwcKduRLJyOtpMJjQ6AeCMu0KI6aF0kR8waG42sJoO', '2023-01-19 19:48:35', '2023-01-19 19:48:35'),
(106, 'Lorena', 'Souza', 'vazevedo@pontes.net', '$2y$10$ScHZtkGIQauY.n.y17X6g.NYQLMDaIsuTsvGBkcDVqJ8HnEGYew0a', '2023-01-19 19:48:35', '2023-01-19 19:48:35'),
(107, 'Kamila', 'Marés', 'amaral.cleber@terra.com.br', '$2y$10$/SvPLAwPO1coNMXH3rZav.VeMdYeTqJdlvlOJLLKnmbe1x4fq6lZy', '2023-01-19 19:48:35', '2023-01-19 19:48:35'),
(108, 'Thomas', 'Fonseca', 'igor.lourenco@verdugo.com', '$2y$10$.BddX8/wypuLESIYiTcOI.CGxC76Z0C9R8IOmduFZC9CHZhVVVNqu', '2023-01-19 19:48:35', '2023-01-19 19:48:35'),
(109, 'Elaine', 'Gomes', 'juan34@santos.org', '$2y$10$EvwV5LxWncgZXIS8l.qFCuLEQsevy9NUtwGDqYxj9vlJNFN2RE4oO', '2023-01-19 19:48:35', '2023-01-19 19:48:35'),
(110, 'Naiara', 'Cervantes', 'mateus78@uol.com.br', '$2y$10$W0ZV4SZsit4cotw0EyjWn.4xDC/sbDqgDF61uqTZxFWNw4HfhiTB2', '2023-01-19 19:48:35', '2023-01-19 19:48:35'),
(111, 'Luciano', 'Saito', 'kleber00@pedrosa.com.br', '$2y$10$B5jwAB.55eph/K8dzLgJR.Ce9kcxfPV6Iod9fDf/qCR7cTlQRw.1q', '2023-01-19 19:48:35', '2023-01-19 19:48:35'),
(112, 'Emanuelly', 'Marques', 'luana26@gusmao.com', '$2y$10$T7C37jKC9a59MX64Hnmipu6NXzFFnjYEO06SjcYSGsPbl7l/41vUG', '2023-01-19 19:48:35', '2023-01-19 19:48:35'),
(113, 'Leandro', 'Casanova', 'xcasanova@yahoo.com', '$2y$10$9Ev0Pnh0QZpk3RHr9FLQJeInK8LaIpSJxhxVHvZxyb9KHkdVmupP6', '2023-01-19 19:48:35', '2023-01-19 19:48:35'),
(114, 'Noel', 'Pacheco', 'martinho66@mendes.com', '$2y$10$CSJbeSdNrvI.nYMFETQ5ZeXJpLvt0y5qom3wyW5/zzWFOy3cZQqf6', '2023-01-19 19:48:35', '2023-01-19 19:48:35'),
(115, 'Suellen', 'Saraiva', 'igalhardo@uchoa.com.br', '$2y$10$p9wRMWnYHoorYFLH9tOVS.kTipgjm2Dlf/bdgyPh4zYdk/czY1MrK', '2023-01-19 19:48:35', '2023-01-19 19:48:35'),
(116, 'Noel', 'Cruz', 'davi.saraiva@r7.com', '$2y$10$e99w0oI1sy28Hiq/LbR.2..eHc6n4DDo0npYFOelzg/IrrZVTGTeW', '2023-01-19 19:48:35', '2023-01-19 19:48:35'),
(117, 'Danielle', 'Abreu', 'queiros.raquel@vale.br', '$2y$10$HL.M.XcXGfHYBYezE00pOeyVdoqOFLRjzpOkiHLsFDSz2VfoK.9Ye', '2023-01-19 19:48:35', '2023-01-19 19:48:35'),
(118, 'Cléber', 'Marinho', 'jdelgado@uol.com.br', '$2y$10$EQWw7OFu91KlPT0Mv1D4J.hVZ4HEDG6nidKTCrzXEXWz4Gn93S36q', '2023-01-19 19:48:36', '2023-01-19 19:48:36'),
(119, 'Moisés', 'Sales', 'dasdores.alonso@rosa.com.br', '$2y$10$qMnKVGPcf3uRypOhGUW/7O6jiSJMyAIxvwBdbUNLp1e4EG/ru1hcS', '2023-01-19 19:48:36', '2023-01-19 19:48:36'),
(120, 'Tessália', 'Vila', 'wrodrigues@cortes.com', '$2y$10$M4LciUjFAAgx2ff96KBgheK5RoC.l6tyeI1UoNFl5Py0Us411cd5e', '2023-01-19 19:48:36', '2023-01-19 19:48:36'),
(121, 'Dener', 'Ferreira', 'ovelasques@delatorre.net.br', '$2y$10$..mDVrzqHfuBt8d1k9lOquffIhSpCX8GP5lemA8nYvmkR1AjfTN.u', '2023-01-19 19:48:36', '2023-01-19 19:48:36'),
(122, 'Davi', 'Arruda', 'xmares@hotmail.com', '$2y$10$u5NS5Md6HJCEdP9.VwWadeLiucJdlQ3ki18dlgJHPQKfBx./vuqs.', '2023-01-19 19:48:36', '2023-01-19 19:48:36'),
(123, 'Dante', 'Mendes', 'casanova.benicio@r7.com', '$2y$10$r6W.IHvRY76nB.MJyH4vOevK6jaBJbFZBAnNqf0rZESG7gLVwgKFm', '2023-01-19 19:48:36', '2023-01-19 19:48:36'),
(124, 'Carol', 'Ferminiano', 'pereira.james@ig.com.br', '$2y$10$veVTVM55TnVFZ.Le8zwuxO8Lj/X/gJXipwFG5kAJ3dKhxBOK.W3mO', '2023-01-19 19:48:36', '2023-01-19 19:48:36'),
(125, 'Clara', 'Corona', 'zdias@gmail.com', '$2y$10$yCw6bETV3TIHMNJF3onGKu5pvGbj5hwBXQjaXy.5rkND6tO9GZ4iq', '2023-01-19 19:48:36', '2023-01-19 19:48:36'),
(126, 'Emanuel', 'Casanova', 'ngomes@pereira.com', '$2y$10$aFPY.niqOKIDhlCYb0ylVOSYmZpdPlTnqEFar1rLbFSC.9tZZHSQ.', '2023-01-19 19:48:36', '2023-01-19 19:48:36'),
(127, 'Pietra', 'Colaço', 'natalia99@gmail.com', '$2y$10$GnTnaMDrxskajW4D9My/yOoXHxaYlgrrGsqMKiy1iwQPZGgEEMLYu', '2023-01-19 19:48:36', '2023-01-19 19:48:36'),
(128, 'Sophie', 'Ferreira', 'hguerra@ig.com.br', '$2y$10$Et5k4gHarciFoHJqbJ120ugUxwhdtYQ0eY5akR9nihLW0wEGa72dC', '2023-01-19 19:48:36', '2023-01-19 19:48:36'),
(129, 'Hortência', 'Saraiva', 'james16@uol.com.br', '$2y$10$ECryMZCkSS81r2wsY0lRqOD7fn6WAuIl.//ZN3fPdmQXnO5HIqM8S', '2023-01-19 19:48:36', '2023-01-19 19:48:36'),
(130, 'Clara', 'Vega', 'serna.valentin@hotmail.com', '$2y$10$oGvdlV32hdG4ouTmv3UuAeIA65A2hRIr63u2MR1w6TBpcZRwCY28W', '2023-01-19 19:48:36', '2023-01-19 19:48:36'),
(131, 'Catarina', 'Sepúlveda', 'emanuel46@aranda.net.br', '$2y$10$TWwag/eWbaG/4gMEbLJA0up/JZawIicIAAUuemPVrZe1iJ4gnm5EK', '2023-01-19 19:48:36', '2023-01-19 19:48:36'),
(132, 'Michael', 'das Dores', 'melina.camacho@ig.com.br', '$2y$10$lYhpBNsZI4Aj5bJFw4pDQ.iOXjN1hhvWG6TTgyDkbdRomw8tQfFy6', '2023-01-19 19:48:36', '2023-01-19 19:48:36'),
(133, 'Emiliano', 'Alcantara', 'elias.dasdores@hotmail.com', '$2y$10$bqWjKxXOAJ9DQqXf8iF3luil8CEoixppn1T/Kn/J5Zv9gU790QsYO', '2023-01-19 19:48:36', '2023-01-19 19:48:36'),
(134, 'Filipe', 'Padrão', 'irene.carmona@rocha.net', '$2y$10$8qqEun7O/zMML4YDKumJueKdvxVzljqSapTOAswabrRG7PQcN4216', '2023-01-19 19:48:36', '2023-01-19 19:48:36'),
(135, 'Caio', 'Espinoza', 'allison06@uol.com.br', '$2y$10$6yJ1bjc2ScXaQWowQgP5J.dRwdAnkXCXmQNgoGuOJpYUmxdLW96Fe', '2023-01-19 19:48:36', '2023-01-19 19:48:36'),
(136, 'Stephanie', 'Ferraz', 'tdasdores@faro.org', '$2y$10$xE3bI0uwbjTsHxRtp949u.UW2pbD/hKqplTGan8qa3RiWbb8zLhsO', '2023-01-19 19:48:36', '2023-01-19 19:48:36'),
(137, 'Andressa', 'Aragão', 'gabriel29@madeira.com', '$2y$10$eBLTHp3FD/yGCPmhS.wpfe5ktHsABSfT9lz3Hy8zn96MCoYqexwla', '2023-01-19 19:48:37', '2023-01-19 19:48:37'),
(138, 'Carla', 'Esteves', 'ivan86@terra.com.br', '$2y$10$bKcn5EYvOpIsnFont4EWY.fwDMf3NQc9DzXP2N6Uo9ppHCbLiLztO', '2023-01-19 19:48:37', '2023-01-19 19:48:37'),
(139, 'Walter', 'Guerra', 'gabriel93@gmail.com', '$2y$10$f5IE7RHQw8vYK6X4NepK8uWbq3bUytLgw2RH5AhfwrW/N5Ymh/CPq', '2023-01-19 19:48:37', '2023-01-19 19:48:37'),
(140, 'William', 'Rodrigues', 'james.delvalle@r7.com', '$2y$10$y1ce1oiv/FsCrHxFzL9tDewqua8pNK/4m4GSefRHrjMvsRvB6cyNi', '2023-01-19 19:48:37', '2023-01-19 19:48:37'),
(141, 'Paulo', 'Benez', 'rsouza@yahoo.com', '$2y$10$CLAWa9NWnHGyVS.qdcn5IuAHTGDX2lsBSImQw/mix8nn6Y7xZbISO', '2023-01-19 19:48:37', '2023-01-19 19:48:37'),
(142, 'Fátima', 'das Dores', 'bonilha.fernanda@ig.com.br', '$2y$10$btzoeoz5vgYtLaYEGO5F7uBvukOV7bGjmobEVv./3ts1zoRhx.tF6', '2023-01-19 19:48:37', '2023-01-19 19:48:37'),
(143, 'Valentina', 'da Silva', 'delatorre.marcelo@gmail.com', '$2y$10$cNjM.UYNAUpUV9kzsUocMusrMu90N15rvUc7inpVjVQRc32qrb9m6', '2023-01-19 19:48:37', '2023-01-19 19:48:37'),
(144, 'Andressa', 'Delgado', 'mcampos@abreu.com.br', '$2y$10$lD7vYwxlZe0y7wc5GOWy8uLHvPQjEYXUBYTxs20vpcvlVxVR3SkZm', '2023-01-19 19:48:37', '2023-01-19 19:48:37'),
(145, 'Gabrielle', 'Assunção', 'malu62@hotmail.com', '$2y$10$2Co1zJMH0M9QEZt54UBHB.iHiMvFlUHXitXeMxBux7lcp6AAkgkr6', '2023-01-19 19:48:37', '2023-01-19 19:48:37'),
(146, 'Vanessa', 'Saito', 'isabel37@ig.com.br', '$2y$10$2ZcjO65f.fvXIyAK/.qhS.w8zLedmx.7mHznydiMSMElGjoZ31Pt.', '2023-01-19 19:48:37', '2023-01-19 19:48:37'),
(147, 'Lavínia', 'Fernandes', 'camilo.urias@meireles.com.br', '$2y$10$I.cL6Ck5kQ6MPXKq6J2cQukHTYqHuLD60XtAHJIXC8piYRw00QldC', '2023-01-19 19:48:37', '2023-01-19 19:48:37'),
(148, 'Andréia', 'Mascarenhas', 'romero.heloise@gmail.com', '$2y$10$q1cELD06E/J0oe2tnOaU5uGWe6kzOFXKx8ZByWdgT8OCPKVz5t1SG', '2023-01-19 19:48:37', '2023-01-19 19:48:37'),
(149, 'Bella', 'Rangel', 'lourenco.gabriela@uol.com.br', '$2y$10$iltJmaxx2CytgEQkVkQd6OSeMmb0rweiJTbuxdV.MlQsQH1wq64sq', '2023-01-19 19:48:37', '2023-01-19 19:48:37'),
(150, 'Graziela', 'Amaral', 'cristiano37@gmail.com', '$2y$10$orMlLiNFTdg6zMAHtvMio.DSZsenSHopSsfZQ548iZHmCmRGjHFKi', '2023-01-19 19:48:37', '2023-01-19 19:48:37'),
(151, 'Luan', 'Flores', 'michelle.zaragoca@gmail.com', '$2y$10$W6LqT1k2d/ns7k.kBp060.rw8yOFPQvrJgeRWN18OGU7HTAnrp65m', '2023-01-19 19:48:37', '2023-01-19 19:48:37'),
(152, 'Naiara', 'Dias', 'aragao.maisa@soto.org', '$2y$10$EhKSgfjhnWgKBLW6OSrDweYOyBvVPSPY7TC2VVjzYZqCM2CRhB/MO', '2023-01-19 19:48:37', '2023-01-19 19:48:37'),
(153, 'Micaela', 'Carvalho', 'maite52@gusmao.net', '$2y$10$.R3DkugHhVhTyMVbpSec...BOIoYofWMOJSBfTk7MpufWXWCOlRhe', '2023-01-19 19:48:37', '2023-01-19 19:48:37'),
(154, 'Miguel', 'Soares', 'serna.kesia@azevedo.org', '$2y$10$/56VeUyhItRiD4CfWkKykukMNfnqgnU24wBLh5wMY4L5.uGO4l7Ee', '2023-01-19 19:48:37', '2023-01-19 19:48:37'),
(155, 'Roberto', 'Martines', 'murilo01@terra.com.br', '$2y$10$N6l9eK0gSrzJ6bmrVyD8b.YoG6lxaKYeJMMCCfpukGDvth9G15jbe', '2023-01-19 19:48:37', '2023-01-19 19:48:37'),
(156, 'Dayana', 'Correia', 'kflores@rodrigues.com', '$2y$10$4eAR8rJg4jjXptdb5bvj8.2TMbiz5KviEMVERS.6HX969T4y7kFTa', '2023-01-19 19:48:37', '2023-01-19 19:48:37'),
(157, 'Estêvão', 'Medina', 'puchoa@urias.net.br', '$2y$10$PUTVCyRn/LKUbYRxATJAuekRjoylPfA/jgqhqp1YROGFKgOE9Ut2.', '2023-01-19 19:48:38', '2023-01-19 19:48:38'),
(158, 'André', 'Deverso', 'luiz.queiros@r7.com', '$2y$10$v6alnK1g3K/6Xc/2cZBG1.GHqjBLI2.t60QmQwwN9oW9NtW1ugJ7y', '2023-01-19 19:48:38', '2023-01-19 19:48:38'),
(159, 'Guilherme', 'Maldonado', 'emilly.dacruz@hotmail.com', '$2y$10$p5PFeOI4CYHrZn7nzBSXb.ddFEmPOFMNFP7d0mi.tLWpQZgyOhaly', '2023-01-19 19:48:38', '2023-01-19 19:48:38'),
(160, 'Reinaldo', 'Soto', 'ltamoio@uchoa.br', '$2y$10$gXjFxbodWeadOF4WfPFHLOlcTiO3gYJrp0bSc75OTNv4vjG6Rr.R.', '2023-01-19 19:48:38', '2023-01-19 19:48:38'),
(161, 'Abgail', 'Marés', 'beatriz.sales@fidalgo.net', '$2y$10$bFqa5G0nM7vOusGWWyUTReDAMBdFRS/uqaOG2JT2eykPx6ssD.Xse', '2023-01-19 19:48:38', '2023-01-19 19:48:38'),
(162, 'Mel', 'Delgado', 'rodrigues.eloa@ig.com.br', '$2y$10$jEPVt/3R7CdEFXx3h6rCJePvy08L/jxe.RWdDzvQpTbu16EZkEVUC', '2023-01-19 19:48:38', '2023-01-19 19:48:38'),
(163, 'Hernani', 'Queirós', 'pfernandes@deaguiar.org', '$2y$10$2hDqwW6YmQfahxKdFNwxW.J8ocpC8lXmqUvj1WO2Szbtx0c332t/.', '2023-01-19 19:48:38', '2023-01-19 19:48:38'),
(164, 'Jorge', 'Estrada', 'paz.michele@oliveira.com', '$2y$10$613wfH/JwBpsPBqTL8ahFOJE.TGg/1mZ1f6dkN0b59QUuY3w44q4W', '2023-01-19 19:48:38', '2023-01-19 19:48:38'),
(165, 'Ian', 'Valente', 'leonardo76@torres.org', '$2y$10$1bx17itzoT4goExthIyYMuexXkbVRahIMKrG/VLG3FGwjbjpd4kAS', '2023-01-19 19:48:38', '2023-01-19 19:48:38'),
(166, 'Regiane', 'Sales', 'yuri21@r7.com', '$2y$10$VumaRG2QkDpRJ/u2BBMHuOuSCOR4HKMXlGr/DFwW6LOlFOxb9EMtq', '2023-01-19 19:48:38', '2023-01-19 19:48:38'),
(167, 'Natan', 'Campos', 'alonso.pena@uol.com.br', '$2y$10$vHXfYAR.m5t3P9aGpPXn4eK40YIT5da/MXhk9l6mbenk06qeMUVDi', '2023-01-19 19:48:38', '2023-01-19 19:48:38'),
(168, 'Isis', 'Ramires', 'blourenco@yahoo.com', '$2y$10$QyH401ntRPb0Yql9otA3mun7BWry9t9D72kT1vcH3GFsbIbvjwnke', '2023-01-19 19:48:38', '2023-01-19 19:48:38'),
(169, 'Marisa', 'Ramires', 'fernando34@galvao.net.br', '$2y$10$L8WFIWLVTlW0/13f21sjVeaR.8Hi1CqkJL9Jxr5mvrbtcR3eEMpmC', '2023-01-19 19:48:38', '2023-01-19 19:48:38'),
(170, 'Fábio', 'Soares', 'godoi.malu@yahoo.com', '$2y$10$c6U36V.aU4Hg5CK705r/MOV2lZ7rfs6KEN4bPxvboMcfX8mjwJsVu', '2023-01-19 19:48:38', '2023-01-19 19:48:38'),
(171, 'Alan', 'Azevedo', 'breno.dias@colaco.com', '$2y$10$ld9UNPXdIkaibU6xiKUIMuYmSW22hyiB5uX.spw7ssHxvUJGFR1TO', '2023-01-19 19:48:38', '2023-01-19 19:48:38'),
(172, 'Paola', 'Guerra', 'hcolaco@marinho.com', '$2y$10$OudaBrJsBCwc6P7HltKx8e.z39SfGLyiy/o4nsWC22aii2C7HMuhK', '2023-01-19 19:48:38', '2023-01-19 19:48:38'),
(173, 'Stephany', 'Mendes', 'gomes.mariana@faria.net.br', '$2y$10$gCYVx68WumLtMoxRM0VUeuVoHWkVGqi3dvkSdfm1w4VeTiMNN7yV2', '2023-01-19 19:48:38', '2023-01-19 19:48:38'),
(174, 'Gabriel', 'Prado', 'sandoval.luiz@valencia.net', '$2y$10$ucRhpokLn.G84EnXDcKIO.063TFH9E/mWRuBcBNAmzz.GmUCvXRmS', '2023-01-19 19:48:38', '2023-01-19 19:48:38'),
(175, 'Natália', 'Torres', 'vega.carolina@hotmail.com', '$2y$10$fS1SPCiypXybBsY9.mM.UeAd8LEKVNshlTnbyE94G1wfKWv5j28TG', '2023-01-19 19:48:38', '2023-01-19 19:48:38'),
(176, 'Mirella', 'Matos', 'gean.velasques@santiago.br', '$2y$10$att2Wm2DQqMo1xxXgCNdW.e/KLnJZf5hy8W9Zj0IiJcpqE6cjdLKi', '2023-01-19 19:48:38', '2023-01-19 19:48:38'),
(177, 'Diego', 'Vasques', 'pereira.icaro@sanches.br', '$2y$10$e/KoEg7Bw/hXf3HlL/LsqOihnf/2IcnfwMMpFTUytVK.Unqf9SJ3a', '2023-01-19 19:48:39', '2023-01-19 19:48:39'),
(178, 'Fabiano', 'Duarte', 'uavila@cordeiro.br', '$2y$10$BrQCrU16xTIpWHrWyApCPe6tEnYncQijv4YinUmcm4XsYJjwMxXMq', '2023-01-19 19:48:39', '2023-01-19 19:48:39'),
(179, 'Janaina', 'Valência', 'zpacheco@ramos.org', '$2y$10$J.nuM7eXrkLwWH3/utKflOMHJGzmQjslxTcTWcmyopXQ8cN1MQGRu', '2023-01-19 19:48:39', '2023-01-19 19:48:39'),
(180, 'Ícaro', 'Caldeira', 'eduarda.leal@ig.com.br', '$2y$10$nBT0RHeSOaL0eI1GYGS2zOEuEe/MW4ODQJwCaLw1onu3/vc1TVWru', '2023-01-19 19:48:39', '2023-01-19 19:48:39'),
(181, 'Norma', 'Urias', 'hortencia94@montenegro.br', '$2y$10$KaXvzOgPJM/HlONB7xqwmeYpV5ZzM3rW7OSMk29jrNNp785w3ypU2', '2023-01-19 19:48:39', '2023-01-19 19:48:39'),
(182, 'Christopher', 'das Neves', 'antonieta93@terra.com.br', '$2y$10$Oj3mfL6Aj2BTLonjVYjT6ubl7boH3KFRndHOYjCQPLeJj54hxejL.', '2023-01-19 19:48:39', '2023-01-19 19:48:39'),
(183, 'Everton', 'Camacho', 'willian38@terra.com.br', '$2y$10$jCVQLPd4mhiFEgmufV1yZuM3bgNbziQl1uOTqN5ZYDo5BD1y55nLG', '2023-01-19 19:48:39', '2023-01-19 19:48:39'),
(184, 'Cristóvão', 'Delatorre', 'vsalazar@delatorre.com', '$2y$10$GukhvMiZBKRAW9SrZSQUYeTVJzDwDpMKs6zF3G/TYVdya5PFPr0ru', '2023-01-19 19:48:39', '2023-01-19 19:48:39'),
(185, 'Ester', 'Ferminiano', 'luara71@gmail.com', '$2y$10$5gtnOJVhNYkXV6thne7xrOSUxROyiOhht9vIbtyRf3a8AighS/TVa', '2023-01-19 19:48:39', '2023-01-19 19:48:39'),
(186, 'Josefina', 'Sales', 'udavila@r7.com', '$2y$10$eB7E7a5UaTqcQY3APKtt4uLfoK4ZQHqjDdRjHpfeeFuRjzBQlSpRy', '2023-01-19 19:48:39', '2023-01-19 19:48:39'),
(187, 'Aaron', 'Serrano', 'aline.gusmao@goncalves.com', '$2y$10$LC/I0OTVMSCteNpsZNGVJuLt1Ec19exzO/uEUpuI.FGKU9eAayBJe', '2023-01-19 19:48:39', '2023-01-19 19:48:39'),
(188, 'Daniella', 'Teles', 'adriel.padilha@yahoo.com', '$2y$10$HfKgrw8aOF6b8min1S3QDeHOCflIObQODaIfxCM.kMe9G.bGOVkq.', '2023-01-19 19:48:39', '2023-01-19 19:48:39'),
(189, 'Clarice', 'Cordeiro', 'maicon84@fernandes.net', '$2y$10$yMYa.LNB50ZyzIWirdOUSOG9YFbypEMdWttDtdlpsGxQpmtDemlgy', '2023-01-19 19:48:39', '2023-01-19 19:48:39'),
(190, 'Ester', 'de Arruda', 'giovanna.fidalgo@yahoo.com', '$2y$10$lE3xrZ7J5O22Njq1f7uTou25vMKGC68fAcXfMAaHwc6JEej7.qpPi', '2023-01-19 19:48:39', '2023-01-19 19:48:39'),
(191, 'Thaís', 'Pacheco', 'chaves.yuri@matos.com', '$2y$10$BouVeLLQjtyruHgdvtHTfuLr1FR/P2QaDJ4Ln9C0bwykGJg7TqyJu', '2023-01-19 19:48:39', '2023-01-19 19:48:39'),
(192, 'Daniel', 'Feliciano', 'liz01@terra.com.br', '$2y$10$6mzQoCngqfRxTDovJfseU.803WgaY1zNpdPoV8259caFqn88i6unW', '2023-01-19 19:48:39', '2023-01-19 19:48:39'),
(193, 'Alessandro', 'Carvalho', 'stephanie90@saito.org', '$2y$10$KEOGzFlEDAKG/UeB1NJET.ocXDzl7DU.R4O/Xtvxt7WAubxw4Lypq', '2023-01-19 19:48:39', '2023-01-19 19:48:39'),
(194, 'Luísa', 'Rezende', 'maldonado.rodrigo@marin.com', '$2y$10$gyE7VPx2fIdQmcKU8Qoja.rMJ77CmomAC7fCZAxaCwUZf4m1S4sPC', '2023-01-19 19:48:39', '2023-01-19 19:48:39'),
(195, 'Bruno', 'Ramires', 'darosa.anita@vieira.com', '$2y$10$icFbLrDgSnteubeqylpPEOppc0pBqtgrWOZ9Wi0A8gGM5FSsg5dVy', '2023-01-19 19:48:39', '2023-01-19 19:48:39'),
(196, 'Paula', 'Branco', 'rqueiros@azevedo.net.br', '$2y$10$mIkUejhOxBbLFqvl4qZ.xejkt1bdAZ4douukmLJqef6ILIOWD0xCy', '2023-01-19 19:48:40', '2023-01-19 19:48:40'),
(197, 'Lúcia', 'Abreu', 'joao.deoliveira@escobar.com', '$2y$10$IkhpzQj5lQAOvKTYyJY7euDhKdYJG415Sb8OzjQyKhjdBRsIoWTwO', '2023-01-19 19:48:40', '2023-01-19 19:48:40'),
(198, 'Gean', 'Reis', 'saito.walter@roque.net.br', '$2y$10$pRl5QG3PpjYgSmdEx4SuBumltaTiG/52ed2whx0wf7M1q9DWKM/Au', '2023-01-19 19:48:40', '2023-01-19 19:48:40'),
(199, 'Luana', 'Quintana', 'maicon20@solano.net.br', '$2y$10$MjcQConMUPTrOqR7hqJa.uzhXB.qQNNmjUhle01l7MLO5b9BXFq2K', '2023-01-19 19:48:40', '2023-01-19 19:48:40'),
(200, 'Denise', 'Salgado', 'maisa16@ig.com.br', '$2y$10$ZY98EXcJSzo9lGt3rPByxe.Lr.inWl9r.ThVoThSUHcPILCNX0/oS', '2023-01-19 19:48:40', '2023-01-19 19:48:40');


/*!40101 SET SQL_MODE=@OLD_SQL_MODE */;
/*!40014 SET FOREIGN_KEY_CHECKS=@OLD_FOREIGN_KEY_CHECKS */;
/*!40014 SET UNIQUE_CHECKS=@OLD_UNIQUE_CHECKS */;
/*!40101 SET CHARACTER_SET_CLIENT=@OLD_CHARACTER_SET_CLIENT */;
/*!40101 SET CHARACTER_SET_RESULTS=@OLD_CHARACTER_SET_RESULTS */;
/*!40101 SET COLLATION_CONNECTION=@OLD_COLLATION_CONNECTION */;
/*!40111 SET SQL_NOTES=@OLD_SQL_NOTES */;